番組ID,実績,CP売上負担額合計,情報提供料合計,ファイル名
OWD_Milla_01,5200,131,1949.0,SalesSummary_202501_OWD_detail.csv
OWD_aiga_01,1000,25,375.0,SalesSummary_202501_OWD_detail.csv
OWD_aokitomo_01,5400,120,2040.0,SalesSummary_202501_OWD_detail.csv
OWD_aron_01,3000,50,1150.0,SalesSummary_202501_OWD_detail.csv
OWD_asuka_02,5700,88,2192.0,SalesSummary_202501_OWD_detail.csv
OWD_chazz_01,4500,114,1686.0,SalesSummary_202501_OWD_detail.csv
OWD_chiharu_02,9200,230,3450.0,SalesSummary_202501_OWD_detail.csv
OWD_enseisyu_01,8000,125,3075.0,SalesSummary_202501_OWD_detail.csv
OWD_fujita_01,2000,50,750.0,SalesSummary_202501_OWD_detail.csv
OWD_hoshikaze_01,3000,75,1125.0,SalesSummary_202501_OWD_detail.csv
OWD_houjo_01,2000,25,775.0,SalesSummary_202501_OWD_detail.csv
OWD_ikai_01,2000,50,750.0,SalesSummary_202501_OWD_detail.csv
OWD_kairi_01,800,20,300.0,SalesSummary_202501_OWD_detail.csv
OWD_kanon_01,2400,60,900.0,SalesSummary_202501_OWD_detail.csv
OWD_keiko_01,28400,805,10555.0,SalesSummary_202501_OWD_detail.csv
OWD_keiko_03,3600,75,1365.0,SalesSummary_202501_OWD_detail.csv
OWD_keiko_04,6400,315,2245.0,SalesSummary_202501_OWD_detail.csv
OWD_klara_01,600,15,225.0,SalesSummary_202501_OWD_detail.csv
OWD_koike_01,12900,784,4376.0,SalesSummary_202501_OWD_detail.csv
OWD_macalon_01,6700,189,2491.0,SalesSummary_202501_OWD_detail.csv
OWD_matsuyama_01,1300,33,487.0,SalesSummary_202501_OWD_detail.csv
OWD_miesha_01,1000,26,374.0,SalesSummary_202501_OWD_detail.csv
OWD_miku_02,1200,30,450.0,SalesSummary_202501_OWD_detail.csv
OWD_noda_01,3200,65,1215.0,SalesSummary_202501_OWD_detail.csv
OWD_okada_01,1000,25,375.0,SalesSummary_202501_OWD_detail.csv
OWD_ophelia_01,22300,1386,7534.0,SalesSummary_202501_OWD_detail.csv
OWD_reirin_01,1300,33,487.0,SalesSummary_202501_OWD_detail.csv
OWD_shape_01,27400,695,10265.0,SalesSummary_202501_OWD_detail.csv
OWD_shintaku_01,4100,0,1640.0,SalesSummary_202501_OWD_detail.csv
OWD_soldona_01,2000,50,750.0,SalesSummary_202501_OWD_detail.csv
OWD_tachibana_01,1500,38,562.0,SalesSummary_202501_OWD_detail.csv
OWD_tenmei_01,3800,96,1424.0,SalesSummary_202501_OWD_detail.csv
OWD_tomoko_01,2000,50,750.0,SalesSummary_202501_OWD_detail.csv
OWD_tshourei_01,10000,340,3660.0,SalesSummary_202501_OWD_detail.csv
OWD_tsukikage_01,1000,25,375.0,SalesSummary_202501_OWD_detail.csv
OWD_Milla_01,1300,34,486.0,SalesSummary_202502_OWD_detail.csv
OWD_aokitomo_01,1300,0,520.0,SalesSummary_202502_OWD_detail.csv
OWD_aron_01,3500,88,1312.0,SalesSummary_202502_OWD_detail.csv
OWD_asuka_02,1000,25,375.0,SalesSummary_202502_OWD_detail.csv
OWD_asuru_01,1600,40,600.0,SalesSummary_202502_OWD_detail.csv
OWD_chiki_01,2750,70,1030.0,SalesSummary_202502_OWD_detail.csv
OWD_daiyang_01,800,20,300.0,SalesSummary_202502_OWD_detail.csv
OWD_eremaria_01,4400,89,1671.0,SalesSummary_202502_OWD_detail.csv
OWD_hoshikaze_01,3000,75,1125.0,SalesSummary_202502_OWD_detail.csv
OWD_isha_01,1840,46,690.0,SalesSummary_202502_OWD_detail.csv
OWD_kanon_01,5400,135,2025.0,SalesSummary_202502_OWD_detail.csv
OWD_keiko_01,14100,319,5321.0,SalesSummary_202502_OWD_detail.csv
OWD_keiko_03,3600,66,1374.0,SalesSummary_202502_OWD_detail.csv
OWD_keiko_04,4000,75,1525.0,SalesSummary_202502_OWD_detail.csv
OWD_keit_01,3200,80,1200.0,SalesSummary_202502_OWD_detail.csv
OWD_koike_01,800,0,320.0,SalesSummary_202502_OWD_detail.csv
OWD_macalon_01,21100,406,8034.0,SalesSummary_202502_OWD_detail.csv
OWD_matsuyama_01,1200,30,450.0,SalesSummary_202502_OWD_detail.csv
OWD_mian_01,1200,0,480.0,SalesSummary_202502_OWD_detail.csv
OWD_miesha_01,5000,75,1925.0,SalesSummary_202502_OWD_detail.csv
OWD_mikomaria_01,1300,33,487.0,SalesSummary_202502_OWD_detail.csv
OWD_noda_01,1600,15,625.0,SalesSummary_202502_OWD_detail.csv
OWD_shape_01,21100,1234,7206.0,SalesSummary_202502_OWD_detail.csv
OWD_shintaku_01,9500,241,3559.0,SalesSummary_202502_OWD_detail.csv
OWD_tenmei_01,1600,40,600.0,SalesSummary_202502_OWD_detail.csv
OWD_tshourei_01,2000,100,700.0,SalesSummary_202502_OWD_detail.csv
OWD_tsukikage_01,3800,66,1454.0,SalesSummary_202502_OWD_detail.csv
OWD_Milla_01,100,3,37.0,SalesSummary_202503_OWD_detail.csv
OWD_asuru_01,1300,33,487.0,SalesSummary_202503_OWD_detail.csv
OWD_chazz_01,1300,0,520.0,SalesSummary_202503_OWD_detail.csv
OWD_enseisyu_01,1000,0,400.0,SalesSummary_202503_OWD_detail.csv
OWD_eremaria_01,3400,86,1274.0,SalesSummary_202503_OWD_detail.csv
OWD_houjo_01,800,20,300.0,SalesSummary_202503_OWD_detail.csv
OWD_kanon_01,2000,25,775.0,SalesSummary_202503_OWD_detail.csv
OWD_keiko_01,9600,205,3635.0,SalesSummary_202503_OWD_detail.csv
OWD_keiko_03,100,3,37.0,SalesSummary_202503_OWD_detail.csv
OWD_macalon_01,11700,61,4619.0,SalesSummary_202503_OWD_detail.csv
OWD_mian_01,1200,30,450.0,SalesSummary_202503_OWD_detail.csv
OWD_miesha_01,4200,25,1655.0,SalesSummary_202503_OWD_detail.csv
OWD_miku_02,4100,104,1536.0,SalesSummary_202503_OWD_detail.csv
OWD_narusawa_01,1300,33,487.0,SalesSummary_202503_OWD_detail.csv
OWD_okada_01,1900,48,712.0,SalesSummary_202503_OWD_detail.csv
OWD_ophelia_01,9500,35,3765.0,SalesSummary_202503_OWD_detail.csv
OWD_reirin_01,1300,33,487.0,SalesSummary_202503_OWD_detail.csv
OWD_shape_01,23700,994,8486.0,SalesSummary_202503_OWD_detail.csv
OWD_shintaku_01,500,13,187.0,SalesSummary_202503_OWD_detail.csv
OWD_suehiro_01,800,0,320.0,SalesSummary_202503_OWD_detail.csv
OWD_tomoko_01,1000,25,375.0,SalesSummary_202503_OWD_detail.csv
OWD_tsukikage_01,1200,30,450.0,SalesSummary_202503_OWD_detail.csv
OWD_Milla_01,4800,121,1799.0,SalesSummary_202504_OWD_detail.csv
OWD_aokitomo_01,2400,60,900.0,SalesSummary_202504_OWD_detail.csv
OWD_aron_01,1200,0,480.0,SalesSummary_202504_OWD_detail.csv
OWD_asuru_01,3400,55,1305.0,SalesSummary_202504_OWD_detail.csv
OWD_chazz_01,3500,88,1312.0,SalesSummary_202504_OWD_detail.csv
OWD_chiki_01,4950,126,1854.0,SalesSummary_202504_OWD_detail.csv
OWD_fujita_01,1200,30,450.0,SalesSummary_202504_OWD_detail.csv
OWD_gyokusenhi_01,2300,58,862.0,SalesSummary_202504_OWD_detail.csv
OWD_hoshikaze_01,6000,151,2249.0,SalesSummary_202504_OWD_detail.csv
OWD_isha_01,2300,58,862.0,SalesSummary_202504_OWD_detail.csv
OWD_kanon_01,3500,63,1337.0,SalesSummary_202504_OWD_detail.csv
OWD_keiko_03,3900,66,1494.0,SalesSummary_202504_OWD_detail.csv
OWD_keiko_04,2200,35,845.0,SalesSummary_202504_OWD_detail.csv
OWD_koyanagi_01,5000,125,1875.0,SalesSummary_202504_OWD_detail.csv
OWD_macalon_01,8300,97,3223.0,SalesSummary_202504_OWD_detail.csv
OWD_matsuyama_01,1900,33,727.0,SalesSummary_202504_OWD_detail.csv
OWD_miku_02,900,23,337.0,SalesSummary_202504_OWD_detail.csv
OWD_mimoe_01,3000,75,1125.0,SalesSummary_202504_OWD_detail.csv
OWD_mokuren_01,1500,38,562.0,SalesSummary_202504_OWD_detail.csv
OWD_niutouko_01,8300,178,3142.0,SalesSummary_202504_OWD_detail.csv
OWD_ophelia_01,1000,13,387.0,SalesSummary_202504_OWD_detail.csv
OWD_reirin_01,2400,60,900.0,SalesSummary_202504_OWD_detail.csv
OWD_rumikoi_01,3200,50,1230.0,SalesSummary_202504_OWD_detail.csv
OWD_shape_01,27600,792,10248.0,SalesSummary_202504_OWD_detail.csv
OWD_shintaku_01,1300,33,487.0,SalesSummary_202504_OWD_detail.csv
OWD_sugano_02,1700,43,637.0,SalesSummary_202504_OWD_detail.csv
OWD_tachibana_01,600,15,225.0,SalesSummary_202504_OWD_detail.csv
OWD_tomoko_01,1200,0,480.0,SalesSummary_202504_OWD_detail.csv
OWD_tsukikage_01,8100,93,3147.0,SalesSummary_202504_OWD_detail.csv
OWD_yuki_01,3600,60,1380.0,SalesSummary_202504_OWD_detail.csv
OWD_Milla_01,2900,73,1087.0,SalesSummary_202505_OWD_detail.csv
OWD_asuru_01,8300,208,3112.0,SalesSummary_202505_OWD_detail.csv
OWD_daiyang_01,1200,30,450.0,SalesSummary_202505_OWD_detail.csv
OWD_fujita_01,4200,105,1575.0,SalesSummary_202505_OWD_detail.csv
OWD_gyokusenhi_01,2300,33,887.0,SalesSummary_202505_OWD_detail.csv
OWD_houjo_01,1000,25,375.0,SalesSummary_202505_OWD_detail.csv
OWD_ikai_01,3000,75,1125.0,SalesSummary_202505_OWD_detail.csv
OWD_isha_01,2600,66,974.0,SalesSummary_202505_OWD_detail.csv
OWD_kanon_01,1800,45,675.0,SalesSummary_202505_OWD_detail.csv
OWD_kasya_01,1300,33,487.0,SalesSummary_202505_OWD_detail.csv
OWD_keiko_01,9400,237,3523.0,SalesSummary_202505_OWD_detail.csv
OWD_keiko_03,4100,71,1569.0,SalesSummary_202505_OWD_detail.csv
OWD_keiko_04,3500,78,1322.0,SalesSummary_202505_OWD_detail.csv
OWD_klara_01,2000,39,761.0,SalesSummary_202505_OWD_detail.csv
OWD_koike_01,1300,33,487.0,SalesSummary_202505_OWD_detail.csv
OWD_koyanagi_01,5200,100,1980.0,SalesSummary_202505_OWD_detail.csv
OWD_macalon_01,7300,143,2777.0,SalesSummary_202505_OWD_detail.csv
OWD_matsuyama_01,1300,33,487.0,SalesSummary_202505_OWD_detail.csv
OWD_mermaid_01,5600,141,2099.0,SalesSummary_202505_OWD_detail.csv
OWD_mian_01,1000,0,400.0,SalesSummary_202505_OWD_detail.csv
OWD_mokuren_01,1500,0,600.0,SalesSummary_202505_OWD_detail.csv
OWD_narusawa_01,2500,63,937.0,SalesSummary_202505_OWD_detail.csv
OWD_ophelia_01,2800,13,1107.0,SalesSummary_202505_OWD_detail.csv
OWD_reirin_01,3600,65,1375.0,SalesSummary_202505_OWD_detail.csv
OWD_shape_01,37100,1415,13425.0,SalesSummary_202505_OWD_detail.csv
OWD_shintaku_01,4000,75,1525.0,SalesSummary_202505_OWD_detail.csv
OWD_shokita_01,500,0,200.0,SalesSummary_202505_OWD_detail.csv
OWD_sugano_02,1700,43,637.0,SalesSummary_202505_OWD_detail.csv
OWD_tachibana_01,600,15,225.0,SalesSummary_202505_OWD_detail.csv
OWD_tshourei_01,5700,60,2220.0,SalesSummary_202505_OWD_detail.csv
OWD_tsukikage_01,1000,25,375.0,SalesSummary_202505_OWD_detail.csv
OWD_yamasakirie_01,1000,25,375.0,SalesSummary_202505_OWD_detail.csv
OWD_ychigumi_01,1200,30,450.0,SalesSummary_202505_OWD_detail.csv
OWD_aron_01,4900,93,1867.0,SalesSummary_202506_OWD_detail.csv
OWD_chazz_01,2600,66,974.0,SalesSummary_202506_OWD_detail.csv
OWD_eremaria_01,2800,70,1050.0,SalesSummary_202506_OWD_detail.csv
OWD_fujita_01,2000,50,750.0,SalesSummary_202506_OWD_detail.csv
OWD_gyokusenhi_01,1000,25,375.0,SalesSummary_202506_OWD_detail.csv
OWD_hakuryu_01,800,0,320.0,SalesSummary_202506_OWD_detail.csv
OWD_ikai_01,4400,78,1682.0,SalesSummary_202506_OWD_detail.csv
OWD_isha_01,1200,30,450.0,SalesSummary_202506_OWD_detail.csv
OWD_keiko_01,11700,295,4385.0,SalesSummary_202506_OWD_detail.csv
OWD_keiko_02,1000,0,400.0,SalesSummary_202506_OWD_detail.csv
OWD_keiko_03,6100,153,2287.0,SalesSummary_202506_OWD_detail.csv
OWD_keiko_04,1800,45,675.0,SalesSummary_202506_OWD_detail.csv
OWD_klara_01,700,18,262.0,SalesSummary_202506_OWD_detail.csv
OWD_koike_01,1600,41,599.0,SalesSummary_202506_OWD_detail.csv
OWD_koyanagi_01,3400,55,1305.0,SalesSummary_202506_OWD_detail.csv
OWD_macalon_01,6100,145,2295.0,SalesSummary_202506_OWD_detail.csv
OWD_matsuyama_01,3900,99,1461.0,SalesSummary_202506_OWD_detail.csv
OWD_mermaid_01,2200,56,824.0,SalesSummary_202506_OWD_detail.csv
OWD_mokuren_01,2300,58,862.0,SalesSummary_202506_OWD_detail.csv
OWD_narusawa_01,1300,33,487.0,SalesSummary_202506_OWD_detail.csv
OWD_ophelia_01,2600,65,975.0,SalesSummary_202506_OWD_detail.csv
OWD_rumikoi_01,3200,50,1230.0,SalesSummary_202506_OWD_detail.csv
OWD_shape_01,16100,526,5914.0,SalesSummary_202506_OWD_detail.csv
OWD_shintaku_01,1200,30,450.0,SalesSummary_202506_OWD_detail.csv
OWD_suehiro_01,1800,20,700.0,SalesSummary_202506_OWD_detail.csv
OWD_sugano_02,3000,76,1124.0,SalesSummary_202506_OWD_detail.csv
OWD_tachibana_01,1300,33,487.0,SalesSummary_202506_OWD_detail.csv
OWD_tomoko_01,2200,55,825.0,SalesSummary_202506_OWD_detail.csv
OWD_tshourei_01,1500,13,587.0,SalesSummary_202506_OWD_detail.csv
OWD_yamasakirie_01,1200,30,450.0,SalesSummary_202506_OWD_detail.csv
OWD_yuki_01,800,20,300.0,SalesSummary_202506_OWD_detail.csv
OWD_Milla_01,5500,139,2061.0,SalesSummary_202401_OWD_detail.csv
OWD_aokitomo_01,4900,123,1837.0,SalesSummary_202401_OWD_detail.csv
OWD_aron_01,9600,211,3629.0,SalesSummary_202401_OWD_detail.csv
OWD_asuru_01,2200,54,826.0,SalesSummary_202401_OWD_detail.csv
OWD_enseisyu_01,5400,285,1875.0,SalesSummary_202401_OWD_detail.csv
OWD_eremaria_01,2000,50,750.0,SalesSummary_202401_OWD_detail.csv
OWD_fujita_01,7200,105,2775.0,SalesSummary_202401_OWD_detail.csv
OWD_hayuki_01,1000,25,375.0,SalesSummary_202401_OWD_detail.csv
OWD_houjo_01,1500,38,562.0,SalesSummary_202401_OWD_detail.csv
OWD_ikai_01,3400,280,1080.0,SalesSummary_202401_OWD_detail.csv
OWD_isha_01,5340,136,2000.0,SalesSummary_202401_OWD_detail.csv
OWD_kairi_01,2500,63,937.0,SalesSummary_202401_OWD_detail.csv
OWD_kanon_01,3000,75,1125.0,SalesSummary_202401_OWD_detail.csv
OWD_kasya_01,800,20,300.0,SalesSummary_202401_OWD_detail.csv
OWD_keiko_01,57000,1395,21405.0,SalesSummary_202401_OWD_detail.csv
OWD_keiko_03,9400,283,3477.0,SalesSummary_202401_OWD_detail.csv
OWD_keiko_04,7400,186,2774.0,SalesSummary_202401_OWD_detail.csv
OWD_koike_01,8800,224,3296.0,SalesSummary_202401_OWD_detail.csv
OWD_koyanagi_01,7200,130,2750.0,SalesSummary_202401_OWD_detail.csv
OWD_macalon_01,13200,366,4914.0,SalesSummary_202401_OWD_detail.csv
OWD_mermaid_01,3500,88,1312.0,SalesSummary_202401_OWD_detail.csv
OWD_mian_01,1200,120,360.0,SalesSummary_202401_OWD_detail.csv
OWD_mikomaria_01,800,20,300.0,SalesSummary_202401_OWD_detail.csv
OWD_miku_02,10800,655,3665.0,SalesSummary_202401_OWD_detail.csv
OWD_narusawa_01,6300,159,2361.0,SalesSummary_202401_OWD_detail.csv
OWD_niutouko_01,2200,55,825.0,SalesSummary_202401_OWD_detail.csv
OWD_okada_01,2800,55,1065.0,SalesSummary_202401_OWD_detail.csv
OWD_ophelia_01,3800,83,1437.0,SalesSummary_202401_OWD_detail.csv
OWD_shape_01,29600,643,11197.0,SalesSummary_202401_OWD_detail.csv
OWD_suehiro_01,800,20,300.0,SalesSummary_202401_OWD_detail.csv
OWD_sugano_02,2000,50,750.0,SalesSummary_202401_OWD_detail.csv
OWD_tachibana_01,2600,0,1040.0,SalesSummary_202401_OWD_detail.csv
OWD_tshourei_01,2600,46,994.0,SalesSummary_202401_OWD_detail.csv
OWD_tsukikage_01,4800,120,1800.0,SalesSummary_202401_OWD_detail.csv
OWD_yamasakirie_01,6300,159,2361.0,SalesSummary_202401_OWD_detail.csv
OWD_ychigumi_01,1000,25,375.0,SalesSummary_202401_OWD_detail.csv
OWD_yuki_01,3000,77,1123.0,SalesSummary_202401_OWD_detail.csv
OWD_Milla_01,14800,266,5654.0,SalesSummary_202402_OWD_detail.csv
OWD_aiga_01,800,20,300.0,SalesSummary_202402_OWD_detail.csv
OWD_aokitomo_01,1300,33,487.0,SalesSummary_202402_OWD_detail.csv
OWD_asuka_02,3500,88,1312.0,SalesSummary_202402_OWD_detail.csv
OWD_asuru_01,3000,50,1150.0,SalesSummary_202402_OWD_detail.csv
OWD_enseisyu_01,6000,300,2100.0,SalesSummary_202402_OWD_detail.csv
OWD_fujita_01,2400,60,900.0,SalesSummary_202402_OWD_detail.csv
OWD_hayuki_01,2400,61,899.0,SalesSummary_202402_OWD_detail.csv
OWD_hoshikaze_01,1800,45,675.0,SalesSummary_202402_OWD_detail.csv
OWD_isha_01,12640,318,4738.0,SalesSummary_202402_OWD_detail.csv
OWD_kairi_01,3300,83,1237.0,SalesSummary_202402_OWD_detail.csv
OWD_kasya_01,3300,83,1237.0,SalesSummary_202402_OWD_detail.csv
OWD_keiko_01,24900,490,9470.0,SalesSummary_202402_OWD_detail.csv
OWD_keiko_03,2600,66,974.0,SalesSummary_202402_OWD_detail.csv
OWD_keiko_04,6000,116,2284.0,SalesSummary_202402_OWD_detail.csv
OWD_kiko_01,2800,110,1010.0,SalesSummary_202402_OWD_detail.csv
OWD_klara_01,600,15,225.0,SalesSummary_202402_OWD_detail.csv
OWD_macalon_01,8800,183,3337.0,SalesSummary_202402_OWD_detail.csv
OWD_matsuyama_01,2200,0,880.0,SalesSummary_202402_OWD_detail.csv
OWD_mermaid_01,4600,116,1724.0,SalesSummary_202402_OWD_detail.csv
OWD_mian_01,1200,120,360.0,SalesSummary_202402_OWD_detail.csv
OWD_miesha_01,3000,0,1200.0,SalesSummary_202402_OWD_detail.csv
OWD_mikomaria_01,21300,1134,7386.0,SalesSummary_202402_OWD_detail.csv
OWD_miku_02,1300,130,390.0,SalesSummary_202402_OWD_detail.csv
OWD_mokuren_01,17600,374,6666.0,SalesSummary_202402_OWD_detail.csv
OWD_okada_01,3000,75,1125.0,SalesSummary_202402_OWD_detail.csv
OWD_ophelia_01,2800,71,1049.0,SalesSummary_202402_OWD_detail.csv
OWD_reirin_01,3500,88,1312.0,SalesSummary_202402_OWD_detail.csv
OWD_risui_01,1800,46,674.0,SalesSummary_202402_OWD_detail.csv
OWD_shape_01,43600,1018,16422.0,SalesSummary_202402_OWD_detail.csv
OWD_shintaku_01,5500,139,2061.0,SalesSummary_202402_OWD_detail.csv
OWD_soldona_01,2400,60,900.0,SalesSummary_202402_OWD_detail.csv
OWD_suehiro_01,3000,50,1150.0,SalesSummary_202402_OWD_detail.csv
OWD_ychigumi_01,2000,50,750.0,SalesSummary_202402_OWD_detail.csv
OWD_yuki_01,500,13,187.0,SalesSummary_202402_OWD_detail.csv
OWD_Milla_01,13300,274,5046.0,SalesSummary_202403_OWD_detail.csv
OWD_aiga_01,800,20,300.0,SalesSummary_202403_OWD_detail.csv
OWD_aokitomo_01,5200,326,1754.0,SalesSummary_202403_OWD_detail.csv
OWD_aron_01,2400,40,920.0,SalesSummary_202403_OWD_detail.csv
OWD_asuru_01,2300,58,862.0,SalesSummary_202403_OWD_detail.csv
OWD_chazz_01,2600,66,974.0,SalesSummary_202403_OWD_detail.csv
OWD_chiki_01,1650,42,618.0,SalesSummary_202403_OWD_detail.csv
OWD_enseisyu_01,3000,55,1145.0,SalesSummary_202403_OWD_detail.csv
OWD_eremaria_01,6300,125,2395.0,SalesSummary_202403_OWD_detail.csv
OWD_fujita_01,3200,80,1200.0,SalesSummary_202403_OWD_detail.csv
OWD_isha_01,6880,172,2580.0,SalesSummary_202403_OWD_detail.csv
OWD_kairi_01,8800,165,3355.0,SalesSummary_202403_OWD_detail.csv
OWD_kasya_01,2200,55,825.0,SalesSummary_202403_OWD_detail.csv
OWD_keiko_01,49700,1008,18872.0,SalesSummary_202403_OWD_detail.csv
OWD_keiko_03,1400,33,527.0,SalesSummary_202403_OWD_detail.csv
OWD_keiko_04,6800,156,2564.0,SalesSummary_202403_OWD_detail.csv
OWD_kiko_01,4800,120,1800.0,SalesSummary_202403_OWD_detail.csv
OWD_klara_01,1300,33,487.0,SalesSummary_202403_OWD_detail.csv
OWD_koike_01,3300,66,1254.0,SalesSummary_202403_OWD_detail.csv
OWD_koyanagi_01,2100,53,787.0,SalesSummary_202403_OWD_detail.csv
OWD_macalon_01,10800,753,3567.0,SalesSummary_202403_OWD_detail.csv
OWD_miesha_01,3700,94,1386.0,SalesSummary_202403_OWD_detail.csv
OWD_mikomaria_01,3200,55,1225.0,SalesSummary_202403_OWD_detail.csv
OWD_miku_02,1200,30,450.0,SalesSummary_202403_OWD_detail.csv
OWD_narusawa_01,2600,66,974.0,SalesSummary_202403_OWD_detail.csv
OWD_niutouko_01,2000,50,750.0,SalesSummary_202403_OWD_detail.csv
OWD_okada_01,1300,33,487.0,SalesSummary_202403_OWD_detail.csv
OWD_ophelia_01,3000,76,1124.0,SalesSummary_202403_OWD_detail.csv
OWD_reirin_01,6000,152,2248.0,SalesSummary_202403_OWD_detail.csv
OWD_shape_01,34500,961,12839.0,SalesSummary_202403_OWD_detail.csv
OWD_shintaku_01,14500,333,5467.0,SalesSummary_202403_OWD_detail.csv
OWD_suehiro_01,4100,103,1537.0,SalesSummary_202403_OWD_detail.csv
OWD_sugano_02,1200,30,450.0,SalesSummary_202403_OWD_detail.csv
OWD_tachibana_01,7600,191,2849.0,SalesSummary_202403_OWD_detail.csv
OWD_tenmei_01,2200,55,825.0,SalesSummary_202403_OWD_detail.csv
OWD_tsukikage_01,4800,121,1799.0,SalesSummary_202403_OWD_detail.csv
OWD_william_01,2600,66,974.0,SalesSummary_202403_OWD_detail.csv
OWD_yuki_01,500,13,187.0,SalesSummary_202403_OWD_detail.csv
OWD_Milla_01,300,9,111.0,SalesSummary_202404_OWD_detail.csv
OWD_aiga_01,800,0,320.0,SalesSummary_202404_OWD_detail.csv
OWD_aqua_01,500,13,187.0,SalesSummary_202404_OWD_detail.csv
OWD_aron_01,8200,206,3074.0,SalesSummary_202404_OWD_detail.csv
OWD_asuka_01,1200,30,450.0,SalesSummary_202404_OWD_detail.csv
OWD_asuka_02,1300,0,520.0,SalesSummary_202404_OWD_detail.csv
OWD_chazz_01,2300,25,895.0,SalesSummary_202404_OWD_detail.csv
OWD_daiyang_01,800,20,300.0,SalesSummary_202404_OWD_detail.csv
OWD_hakuryu_01,9000,95,3505.0,SalesSummary_202404_OWD_detail.csv
OWD_houjo_01,2000,50,750.0,SalesSummary_202404_OWD_detail.csv
OWD_isha_01,3600,18,1422.0,SalesSummary_202404_OWD_detail.csv
OWD_kasya_01,1000,25,375.0,SalesSummary_202404_OWD_detail.csv
OWD_keiko_01,20300,571,7549.0,SalesSummary_202404_OWD_detail.csv
OWD_keiko_03,2600,33,1007.0,SalesSummary_202404_OWD_detail.csv
OWD_keiko_04,5300,109,2011.0,SalesSummary_202404_OWD_detail.csv
OWD_klara_01,700,18,262.0,SalesSummary_202404_OWD_detail.csv
OWD_koike_01,15800,849,5471.0,SalesSummary_202404_OWD_detail.csv
OWD_macalon_01,7100,271,2569.0,SalesSummary_202404_OWD_detail.csv
OWD_mimoe_01,1000,25,375.0,SalesSummary_202404_OWD_detail.csv
OWD_mineka_01,6300,26,2494.0,SalesSummary_202404_OWD_detail.csv
OWD_mokuren_01,2700,68,1012.0,SalesSummary_202404_OWD_detail.csv
OWD_narusawa_01,1900,48,712.0,SalesSummary_202404_OWD_detail.csv
OWD_niutouko_01,1800,45,675.0,SalesSummary_202404_OWD_detail.csv
OWD_ophelia_01,2000,50,750.0,SalesSummary_202404_OWD_detail.csv
OWD_risui_01,3200,49,1231.0,SalesSummary_202404_OWD_detail.csv
OWD_shape_01,39800,985,14935.0,SalesSummary_202404_OWD_detail.csv
OWD_shintaku_01,4900,69,1891.0,SalesSummary_202404_OWD_detail.csv
OWD_suehiro_01,2800,70,1050.0,SalesSummary_202404_OWD_detail.csv
OWD_tomoko_01,5800,145,2175.0,SalesSummary_202404_OWD_detail.csv
OWD_tsukikage_01,10400,232,3928.0,SalesSummary_202404_OWD_detail.csv
OWD_yuki_01,12400,195,4765.0,SalesSummary_202404_OWD_detail.csv
OWD_Milla_01,9100,178,3462.0,SalesSummary_202405_OWD_detail.csv
OWD_Sasha_01,2300,28,892.0,SalesSummary_202405_OWD_detail.csv
OWD_aiga_01,1600,40,600.0,SalesSummary_202405_OWD_detail.csv
OWD_chazz_01,3500,0,1400.0,SalesSummary_202405_OWD_detail.csv
OWD_daiyang_01,2400,60,900.0,SalesSummary_202405_OWD_detail.csv
OWD_eremaria_01,2300,20,900.0,SalesSummary_202405_OWD_detail.csv
OWD_fujita_01,8000,125,3075.0,SalesSummary_202405_OWD_detail.csv
OWD_hakuryu_01,1600,40,600.0,SalesSummary_202405_OWD_detail.csv
OWD_ikai_01,2300,33,887.0,SalesSummary_202405_OWD_detail.csv
OWD_isha_01,3000,76,1124.0,SalesSummary_202405_OWD_detail.csv
OWD_kanon_01,3600,40,1400.0,SalesSummary_202405_OWD_detail.csv
OWD_kasya_01,800,0,320.0,SalesSummary_202405_OWD_detail.csv
OWD_keiko_01,36500,1279,13321.0,SalesSummary_202405_OWD_detail.csv
OWD_keiko_02,2600,260,780.0,SalesSummary_202405_OWD_detail.csv
OWD_keiko_03,2600,66,974.0,SalesSummary_202405_OWD_detail.csv
OWD_keiko_04,1000,26,374.0,SalesSummary_202405_OWD_detail.csv
OWD_kiko_01,2000,25,775.0,SalesSummary_202405_OWD_detail.csv
OWD_klara_01,4700,98,1782.0,SalesSummary_202405_OWD_detail.csv
OWD_koike_01,6500,374,2226.0,SalesSummary_202405_OWD_detail.csv
OWD_koyanagi_01,2200,0,880.0,SalesSummary_202405_OWD_detail.csv
OWD_macalon_01,7900,189,2971.0,SalesSummary_202405_OWD_detail.csv
OWD_mermaid_01,3300,84,1236.0,SalesSummary_202405_OWD_detail.csv
OWD_miesha_01,6700,132,2548.0,SalesSummary_202405_OWD_detail.csv
OWD_mikomaria_01,1300,33,487.0,SalesSummary_202405_OWD_detail.csv
OWD_miku_02,1800,45,675.0,SalesSummary_202405_OWD_detail.csv
OWD_mimoe_01,1100,28,412.0,SalesSummary_202405_OWD_detail.csv
OWD_mokuren_01,4800,120,1800.0,SalesSummary_202405_OWD_detail.csv
OWD_noda_01,4800,80,1840.0,SalesSummary_202405_OWD_detail.csv
OWD_ophelia_01,8600,186,3254.0,SalesSummary_202405_OWD_detail.csv
OWD_reirin_01,5200,105,1975.0,SalesSummary_202405_OWD_detail.csv
OWD_shape_01,31900,728,12032.0,SalesSummary_202405_OWD_detail.csv
OWD_shintaku_01,800,20,300.0,SalesSummary_202405_OWD_detail.csv
OWD_shokita_01,500,13,187.0,SalesSummary_202405_OWD_detail.csv
OWD_soldona_01,4600,85,1755.0,SalesSummary_202405_OWD_detail.csv
OWD_tachibana_01,1400,0,560.0,SalesSummary_202405_OWD_detail.csv
OWD_tomoko_01,1200,30,450.0,SalesSummary_202405_OWD_detail.csv
OWD_tshourei_01,3900,64,1496.0,SalesSummary_202405_OWD_detail.csv
OWD_tsukikage_01,10600,490,3750.0,SalesSummary_202405_OWD_detail.csv
OWD_yuki_01,5200,133,1947.0,SalesSummary_202405_OWD_detail.csv
OWD_Milla_01,4700,115,1765.0,SalesSummary_202407_OWD_detail.csv
OWD_aiduki_01,6900,215,2545.0,SalesSummary_202407_OWD_detail.csv
OWD_aron_01,6100,128,2312.0,SalesSummary_202407_OWD_detail.csv
OWD_daiyang_01,3000,20,1180.0,SalesSummary_202407_OWD_detail.csv
OWD_enseisyu_01,2000,0,800.0,SalesSummary_202407_OWD_detail.csv
OWD_eremaria_01,3200,80,1200.0,SalesSummary_202407_OWD_detail.csv
OWD_fujita_01,2000,50,750.0,SalesSummary_202407_OWD_detail.csv
OWD_gyokusenhi_01,1800,45,675.0,SalesSummary_202407_OWD_detail.csv
OWD_hoshikaze_01,2200,55,825.0,SalesSummary_202407_OWD_detail.csv
OWD_houjo_01,1500,38,562.0,SalesSummary_202407_OWD_detail.csv
OWD_ikai_01,1600,0,640.0,SalesSummary_202407_OWD_detail.csv
OWD_isha_01,5260,132,1972.0,SalesSummary_202407_OWD_detail.csv
OWD_kanon_01,1000,0,400.0,SalesSummary_202407_OWD_detail.csv
OWD_kasya_01,3800,95,1425.0,SalesSummary_202407_OWD_detail.csv
OWD_keiko_01,26800,574,10146.0,SalesSummary_202407_OWD_detail.csv
OWD_keiko_02,1500,38,562.0,SalesSummary_202407_OWD_detail.csv
OWD_keiko_03,12200,307,4573.0,SalesSummary_202407_OWD_detail.csv
OWD_keiko_04,3700,94,1386.0,SalesSummary_202407_OWD_detail.csv
OWD_keit_01,6800,171,2549.0,SalesSummary_202407_OWD_detail.csv
OWD_klara_01,7500,391,2609.0,SalesSummary_202407_OWD_detail.csv
OWD_koike_01,11500,830,3770.0,SalesSummary_202407_OWD_detail.csv
OWD_macalon_01,2900,110,1050.0,SalesSummary_202407_OWD_detail.csv
OWD_mian_01,4700,388,1492.0,SalesSummary_202407_OWD_detail.csv
OWD_miku_02,1300,33,487.0,SalesSummary_202407_OWD_detail.csv
OWD_mimoe_01,4600,60,1780.0,SalesSummary_202407_OWD_detail.csv
OWD_narusawa_01,4900,123,1837.0,SalesSummary_202407_OWD_detail.csv
OWD_ophelia_01,5400,172,1988.0,SalesSummary_202407_OWD_detail.csv
OWD_shape_01,31400,810,11750.0,SalesSummary_202407_OWD_detail.csv
OWD_shintaku_01,3000,50,1150.0,SalesSummary_202407_OWD_detail.csv
OWD_soldona_01,4000,100,1500.0,SalesSummary_202407_OWD_detail.csv
OWD_sugano_02,1500,38,562.0,SalesSummary_202407_OWD_detail.csv
OWD_tachibana_01,5000,126,1874.0,SalesSummary_202407_OWD_detail.csv
OWD_tenmei_01,9300,553,3167.0,SalesSummary_202407_OWD_detail.csv
OWD_tomoko_01,1000,25,375.0,SalesSummary_202407_OWD_detail.csv
OWD_tshourei_01,8300,638,2682.0,SalesSummary_202407_OWD_detail.csv
OWD_yuki_01,600,0,240.0,SalesSummary_202407_OWD_detail.csv
OWD_aiga_01,800,20,300.0,SalesSummary_202408_OWD_detail.csv
OWD_aqua_01,2200,55,825.0,SalesSummary_202408_OWD_detail.csv
OWD_asuka_02,7400,330,2630.0,SalesSummary_202408_OWD_detail.csv
OWD_asuru_01,4000,101,1499.0,SalesSummary_202408_OWD_detail.csv
OWD_chazz_01,11600,391,4249.0,SalesSummary_202408_OWD_detail.csv
OWD_eremaria_01,2600,66,974.0,SalesSummary_202408_OWD_detail.csv
OWD_gyokusenhi_01,3200,80,1200.0,SalesSummary_202408_OWD_detail.csv
OWD_hakuryu_01,1800,45,675.0,SalesSummary_202408_OWD_detail.csv
OWD_hoshikaze_01,2200,55,825.0,SalesSummary_202408_OWD_detail.csv
OWD_ikai_01,5700,118,2162.0,SalesSummary_202408_OWD_detail.csv
OWD_isha_01,5900,148,2212.0,SalesSummary_202408_OWD_detail.csv
OWD_kanon_01,5600,58,2182.0,SalesSummary_202408_OWD_detail.csv
OWD_kasya_01,1800,45,675.0,SalesSummary_202408_OWD_detail.csv
OWD_keiko_01,17700,468,6612.0,SalesSummary_202408_OWD_detail.csv
OWD_keiko_03,2600,66,974.0,SalesSummary_202408_OWD_detail.csv
OWD_keit_01,1200,30,450.0,SalesSummary_202408_OWD_detail.csv
OWD_kiko_01,1600,40,600.0,SalesSummary_202408_OWD_detail.csv
OWD_klara_01,8600,542,2898.0,SalesSummary_202408_OWD_detail.csv
OWD_koike_01,8600,367,3073.0,SalesSummary_202408_OWD_detail.csv
OWD_macalon_01,15000,325,5675.0,SalesSummary_202408_OWD_detail.csv
OWD_mermaid_01,8100,204,3036.0,SalesSummary_202408_OWD_detail.csv
OWD_mian_01,2400,240,720.0,SalesSummary_202408_OWD_detail.csv
OWD_mikomaria_01,6000,600,1800.0,SalesSummary_202408_OWD_detail.csv
OWD_miku_02,1500,38,562.0,SalesSummary_202408_OWD_detail.csv
OWD_niutouko_01,3500,33,1367.0,SalesSummary_202408_OWD_detail.csv
OWD_ophelia_01,12700,307,4773.0,SalesSummary_202408_OWD_detail.csv
OWD_shape_01,40800,1024,15296.0,SalesSummary_202408_OWD_detail.csv
OWD_shintaku_01,7100,155,2685.0,SalesSummary_202408_OWD_detail.csv
OWD_suehiro_01,4000,295,1305.0,SalesSummary_202408_OWD_detail.csv
OWD_sugano_02,1000,25,375.0,SalesSummary_202408_OWD_detail.csv
OWD_tenmei_01,2000,200,600.0,SalesSummary_202408_OWD_detail.csv
OWD_tsukikage_01,1000,25,375.0,SalesSummary_202408_OWD_detail.csv
OWD_yuki_01,5600,381,1859.0,SalesSummary_202408_OWD_detail.csv
OWD_aiduki_01,10800,238,4082.0,SalesSummary_202409_OWD_detail.csv
OWD_aiga_01,800,20,300.0,SalesSummary_202409_OWD_detail.csv
OWD_aokitomo_01,1800,45,675.0,SalesSummary_202409_OWD_detail.csv
OWD_aron_01,2600,66,974.0,SalesSummary_202409_OWD_detail.csv
OWD_asuka_02,2500,38,962.0,SalesSummary_202409_OWD_detail.csv
OWD_asuru_01,5300,183,1937.0,SalesSummary_202409_OWD_detail.csv
OWD_chazz_01,2500,160,840.0,SalesSummary_202409_OWD_detail.csv
OWD_chiharu_02,500,13,187.0,SalesSummary_202409_OWD_detail.csv
OWD_daiyang_01,5600,410,1830.0,SalesSummary_202409_OWD_detail.csv
OWD_enseisyu_01,1200,30,450.0,SalesSummary_202409_OWD_detail.csv
OWD_eremaria_01,2100,53,787.0,SalesSummary_202409_OWD_detail.csv
OWD_isha_01,11440,926,3650.0,SalesSummary_202409_OWD_detail.csv
OWD_kanon_01,6900,124,2636.0,SalesSummary_202409_OWD_detail.csv
OWD_kasya_01,3000,300,900.0,SalesSummary_202409_OWD_detail.csv
OWD_keiko_01,12500,379,4621.0,SalesSummary_202409_OWD_detail.csv
OWD_keiko_03,2600,66,974.0,SalesSummary_202409_OWD_detail.csv
OWD_kiko_01,1200,120,360.0,SalesSummary_202409_OWD_detail.csv
OWD_klara_01,700,18,262.0,SalesSummary_202409_OWD_detail.csv
OWD_koike_01,2900,74,1086.0,SalesSummary_202409_OWD_detail.csv
OWD_koyanagi_01,2300,58,862.0,SalesSummary_202409_OWD_detail.csv
OWD_macalon_01,6600,155,2485.0,SalesSummary_202409_OWD_detail.csv
OWD_matsuyama_01,3200,25,1255.0,SalesSummary_202409_OWD_detail.csv
OWD_mermaid_01,6000,100,2300.0,SalesSummary_202409_OWD_detail.csv
OWD_mian_01,2000,200,600.0,SalesSummary_202409_OWD_detail.csv
OWD_miesha_01,2000,50,750.0,SalesSummary_202409_OWD_detail.csv
OWD_mikomaria_01,2100,113,727.0,SalesSummary_202409_OWD_detail.csv
OWD_mokuren_01,3600,90,1350.0,SalesSummary_202409_OWD_detail.csv
OWD_narusawa_01,3200,81,1199.0,SalesSummary_202409_OWD_detail.csv
OWD_niutouko_01,6000,96,2304.0,SalesSummary_202409_OWD_detail.csv
OWD_noda_01,1300,33,487.0,SalesSummary_202409_OWD_detail.csv
OWD_ophelia_01,2800,70,1050.0,SalesSummary_202409_OWD_detail.csv
OWD_rumikoi_01,6600,55,2585.0,SalesSummary_202409_OWD_detail.csv
OWD_shape_01,45600,1235,17005.0,SalesSummary_202409_OWD_detail.csv
OWD_shintaku_01,3000,76,1124.0,SalesSummary_202409_OWD_detail.csv
OWD_shokita_01,3900,99,1461.0,SalesSummary_202409_OWD_detail.csv
OWD_soldona_01,800,20,300.0,SalesSummary_202409_OWD_detail.csv
OWD_tachibana_01,1300,33,487.0,SalesSummary_202409_OWD_detail.csv
OWD_tshourei_01,900,23,337.0,SalesSummary_202409_OWD_detail.csv
OWD_yamasakirie_01,1000,25,375.0,SalesSummary_202409_OWD_detail.csv
OWD_ychigumi_01,5000,125,1875.0,SalesSummary_202409_OWD_detail.csv
OWD_yuki_01,1000,13,387.0,SalesSummary_202409_OWD_detail.csv
OWD_Milla_01,2100,51,789.0,SalesSummary_202411_OWD_detail.csv
OWD_aiga_01,800,20,300.0,SalesSummary_202411_OWD_detail.csv
OWD_aokitomo_01,2600,66,974.0,SalesSummary_202411_OWD_detail.csv
OWD_aron_01,1000,25,375.0,SalesSummary_202411_OWD_detail.csv
OWD_enseisyu_01,1000,25,375.0,SalesSummary_202411_OWD_detail.csv
OWD_gyokusenhi_01,3800,70,1450.0,SalesSummary_202411_OWD_detail.csv
OWD_hayuki_01,4800,60,1860.0,SalesSummary_202411_OWD_detail.csv
OWD_houjo_01,800,20,300.0,SalesSummary_202411_OWD_detail.csv
OWD_isha_01,2100,53,787.0,SalesSummary_202411_OWD_detail.csv
OWD_kanon_01,2400,60,900.0,SalesSummary_202411_OWD_detail.csv
OWD_kasya_01,9100,228,3412.0,SalesSummary_202411_OWD_detail.csv
OWD_keiko_01,13600,306,5134.0,SalesSummary_202411_OWD_detail.csv
OWD_keiko_03,3900,99,1461.0,SalesSummary_202411_OWD_detail.csv
OWD_keiko_04,500,50,150.0,SalesSummary_202411_OWD_detail.csv
OWD_klara_01,3000,76,1124.0,SalesSummary_202411_OWD_detail.csv
OWD_koike_01,900,23,337.0,SalesSummary_202411_OWD_detail.csv
OWD_macalon_01,5000,248,1752.0,SalesSummary_202411_OWD_detail.csv
OWD_mermaid_01,900,23,337.0,SalesSummary_202411_OWD_detail.csv
OWD_miesha_01,6200,116,2364.0,SalesSummary_202411_OWD_detail.csv
OWD_noda_01,1000,25,375.0,SalesSummary_202411_OWD_detail.csv
OWD_ophelia_01,7000,144,2656.0,SalesSummary_202411_OWD_detail.csv
OWD_shape_01,17900,518,6642.0,SalesSummary_202411_OWD_detail.csv
OWD_shintaku_01,400,10,150.0,SalesSummary_202411_OWD_detail.csv
OWD_tachibana_01,1500,38,562.0,SalesSummary_202411_OWD_detail.csv
OWD_tenmei_01,2400,30,930.0,SalesSummary_202411_OWD_detail.csv
OWD_tomoko_01,3600,60,1380.0,SalesSummary_202411_OWD_detail.csv
OWD_tshourei_01,4200,285,1395.0,SalesSummary_202411_OWD_detail.csv
OWD_yamasakirie_01,4600,115,1725.0,SalesSummary_202411_OWD_detail.csv
OWD_ychigumi_01,1800,45,675.0,SalesSummary_202411_OWD_detail.csv
OWD_yuki_01,600,15,225.0,SalesSummary_202411_OWD_detail.csv
OWD_Milla_01,400,12,148.0,SalesSummary_202412_OWD_detail.csv
OWD_aron_01,2600,66,974.0,SalesSummary_202412_OWD_detail.csv
OWD_asuru_01,800,20,300.0,SalesSummary_202412_OWD_detail.csv
OWD_daiyang_01,3000,75,1125.0,SalesSummary_202412_OWD_detail.csv
OWD_eremaria_01,2900,73,1087.0,SalesSummary_202412_OWD_detail.csv
OWD_hayuki_01,3000,75,1125.0,SalesSummary_202412_OWD_detail.csv
OWD_ikai_01,800,20,300.0,SalesSummary_202412_OWD_detail.csv
OWD_kairi_01,2400,60,900.0,SalesSummary_202412_OWD_detail.csv
OWD_kanon_01,8600,116,3324.0,SalesSummary_202412_OWD_detail.csv
OWD_kasya_01,1000,25,375.0,SalesSummary_202412_OWD_detail.csv
OWD_keiko_01,20600,415,7825.0,SalesSummary_202412_OWD_detail.csv
OWD_keiko_02,12600,192,4848.0,SalesSummary_202412_OWD_detail.csv
OWD_keiko_04,5100,98,1942.0,SalesSummary_202412_OWD_detail.csv
OWD_keit_01,1000,25,375.0,SalesSummary_202412_OWD_detail.csv
OWD_kiko_01,900,23,337.0,SalesSummary_202412_OWD_detail.csv
OWD_klara_01,3300,158,1162.0,SalesSummary_202412_OWD_detail.csv
OWD_koike_01,5800,216,2104.0,SalesSummary_202412_OWD_detail.csv
OWD_macalon_01,4000,147,1453.0,SalesSummary_202412_OWD_detail.csv
OWD_matsuyama_01,3500,33,1367.0,SalesSummary_202412_OWD_detail.csv
OWD_miesha_01,2200,55,825.0,SalesSummary_202412_OWD_detail.csv
OWD_miku_02,4300,76,1644.0,SalesSummary_202412_OWD_detail.csv
OWD_narusawa_01,1300,33,487.0,SalesSummary_202412_OWD_detail.csv
OWD_noda_01,800,0,320.0,SalesSummary_202412_OWD_detail.csv
OWD_okada_01,3300,83,1237.0,SalesSummary_202412_OWD_detail.csv
OWD_ophelia_01,1800,0,720.0,SalesSummary_202412_OWD_detail.csv
OWD_reirin_01,3000,75,1125.0,SalesSummary_202412_OWD_detail.csv
OWD_rumikoi_01,1000,25,375.0,SalesSummary_202412_OWD_detail.csv
OWD_shape_01,29400,644,11116.0,SalesSummary_202412_OWD_detail.csv
OWD_shintaku_01,8700,189,3291.0,SalesSummary_202412_OWD_detail.csv
OWD_tachibana_01,5600,45,2195.0,SalesSummary_202412_OWD_detail.csv
OWD_tenmei_01,4400,230,1530.0,SalesSummary_202412_OWD_detail.csv
OWD_tsukikage_01,2000,50,750.0,SalesSummary_202412_OWD_detail.csv
OWD_william_01,1300,33,487.0,SalesSummary_202412_OWD_detail.csv
OWD_Milla_01,8600,179,3261.0,SalesSummary_202303_OWD_detail.csv
OWD_Sasha_01,3600,90,1350.0,SalesSummary_202303_OWD_detail.csv
OWD_aiduki_01,1000,25,375.0,SalesSummary_202303_OWD_detail.csv
OWD_aokitomo_01,2400,60,900.0,SalesSummary_202303_OWD_detail.csv
OWD_aron_01,3000,50,1150.0,SalesSummary_202303_OWD_detail.csv
OWD_asuka_01,2400,60,900.0,SalesSummary_202303_OWD_detail.csv
OWD_chiki_01,11770,297,4411.0,SalesSummary_202303_OWD_detail.csv
OWD_hayuki_01,2000,50,750.0,SalesSummary_202303_OWD_detail.csv
OWD_hoshikaze_01,800,20,300.0,SalesSummary_202303_OWD_detail.csv
OWD_isha_01,1500,18,582.0,SalesSummary_202303_OWD_detail.csv
OWD_kanon_01,7600,158,2882.0,SalesSummary_202303_OWD_detail.csv
OWD_kasya_01,1200,30,450.0,SalesSummary_202303_OWD_detail.csv
OWD_keiko_01,16200,596,5884.0,SalesSummary_202303_OWD_detail.csv
OWD_keiko_03,1900,33,727.0,SalesSummary_202303_OWD_detail.csv
OWD_keiko_04,3000,78,1122.0,SalesSummary_202303_OWD_detail.csv
OWD_keit_01,10800,271,4049.0,SalesSummary_202303_OWD_detail.csv
OWD_kiko_01,2800,71,1049.0,SalesSummary_202303_OWD_detail.csv
OWD_klara_01,5500,114,2086.0,SalesSummary_202303_OWD_detail.csv
OWD_koike_01,5900,388,1972.0,SalesSummary_202303_OWD_detail.csv
OWD_macalon_01,2900,73,1087.0,SalesSummary_202303_OWD_detail.csv
OWD_matsuyama_01,1300,33,487.0,SalesSummary_202303_OWD_detail.csv
OWD_mermaid_01,2000,50,750.0,SalesSummary_202303_OWD_detail.csv
OWD_mian_01,5000,63,1937.0,SalesSummary_202303_OWD_detail.csv
OWD_midorikawa_01,11000,635,3765.0,SalesSummary_202303_OWD_detail.csv
OWD_mikomaria_01,2200,55,825.0,SalesSummary_202303_OWD_detail.csv
OWD_mineka_01,1500,38,562.0,SalesSummary_202303_OWD_detail.csv
OWD_noda_01,4000,70,1530.0,SalesSummary_202303_OWD_detail.csv
OWD_okada_01,7800,165,2955.0,SalesSummary_202303_OWD_detail.csv
OWD_ophelia_01,4900,90,1870.0,SalesSummary_202303_OWD_detail.csv
OWD_reirin_01,2600,66,974.0,SalesSummary_202303_OWD_detail.csv
OWD_rumikoi_01,1400,35,525.0,SalesSummary_202303_OWD_detail.csv
OWD_shape_01,64700,1491,24389.0,SalesSummary_202303_OWD_detail.csv
OWD_shintaku_01,4800,196,1724.0,SalesSummary_202303_OWD_detail.csv
OWD_soldona_01,1300,33,487.0,SalesSummary_202303_OWD_detail.csv
OWD_tenmei_01,6600,166,2474.0,SalesSummary_202303_OWD_detail.csv
OWD_tomoko_01,3000,50,1150.0,SalesSummary_202303_OWD_detail.csv
OWD_tshourei_01,19600,415,7425.0,SalesSummary_202303_OWD_detail.csv
OWD_tsukikage_01,1600,160,480.0,SalesSummary_202303_OWD_detail.csv
OWD_william_02,1300,33,487.0,SalesSummary_202303_OWD_detail.csv
OWD_ychigumi_01,1800,0,720.0,SalesSummary_202303_OWD_detail.csv
OWD_yuki_01,900,23,337.0,SalesSummary_202303_OWD_detail.csv
OWD_Milla_01,8700,196,3284.0,SalesSummary_202304_OWD_detail.csv
OWD_aiduki_01,1200,0,480.0,SalesSummary_202304_OWD_detail.csv
OWD_aiga_01,500,13,187.0,SalesSummary_202304_OWD_detail.csv
OWD_aokitomo_01,6500,132,2468.0,SalesSummary_202304_OWD_detail.csv
OWD_aqua_01,4600,115,1725.0,SalesSummary_202304_OWD_detail.csv
OWD_chazz_01,1000,25,375.0,SalesSummary_202304_OWD_detail.csv
OWD_eremaria_01,8000,200,3000.0,SalesSummary_202304_OWD_detail.csv
OWD_fujita_01,1000,25,375.0,SalesSummary_202304_OWD_detail.csv
OWD_hakuryu_01,2100,33,807.0,SalesSummary_202304_OWD_detail.csv
OWD_houjo_01,1200,120,360.0,SalesSummary_202304_OWD_detail.csv
OWD_ikai_01,4900,123,1837.0,SalesSummary_202304_OWD_detail.csv
OWD_isha_01,2000,50,750.0,SalesSummary_202304_OWD_detail.csv
OWD_kairi_01,2300,58,862.0,SalesSummary_202304_OWD_detail.csv
OWD_kanon_01,4000,100,1500.0,SalesSummary_202304_OWD_detail.csv
OWD_kasya_01,8800,221,3299.0,SalesSummary_202304_OWD_detail.csv
OWD_keiko_01,11900,302,4458.0,SalesSummary_202304_OWD_detail.csv
OWD_keiko_03,9000,194,3406.0,SalesSummary_202304_OWD_detail.csv
OWD_keiko_04,4500,116,1684.0,SalesSummary_202304_OWD_detail.csv
OWD_keit_01,2000,25,775.0,SalesSummary_202304_OWD_detail.csv
OWD_kiko_01,2600,66,974.0,SalesSummary_202304_OWD_detail.csv
OWD_klara_01,1100,0,440.0,SalesSummary_202304_OWD_detail.csv
OWD_koike_01,4000,259,1341.0,SalesSummary_202304_OWD_detail.csv
OWD_macalon_01,4400,93,1667.0,SalesSummary_202304_OWD_detail.csv
OWD_matsuyama_01,2600,66,974.0,SalesSummary_202304_OWD_detail.csv
OWD_miesha_01,10300,247,3873.0,SalesSummary_202304_OWD_detail.csv
OWD_mikomaria_01,5400,110,2050.0,SalesSummary_202304_OWD_detail.csv
OWD_miku_02,3900,99,1461.0,SalesSummary_202304_OWD_detail.csv
OWD_mineka_01,1000,13,387.0,SalesSummary_202304_OWD_detail.csv
OWD_narusawa_01,5200,132,1948.0,SalesSummary_202304_OWD_detail.csv
OWD_okada_01,3600,90,1350.0,SalesSummary_202304_OWD_detail.csv
OWD_ophelia_01,3900,88,1472.0,SalesSummary_202304_OWD_detail.csv
OWD_reirin_01,2100,53,787.0,SalesSummary_202304_OWD_detail.csv
OWD_rumikoi_01,6600,140,2500.0,SalesSummary_202304_OWD_detail.csv
OWD_shape_01,78300,2778,28542.0,SalesSummary_202304_OWD_detail.csv
OWD_soldona_01,3600,91,1349.0,SalesSummary_202304_OWD_detail.csv
OWD_suehiro_01,800,20,300.0,SalesSummary_202304_OWD_detail.csv
OWD_tachibana_01,1300,0,520.0,SalesSummary_202304_OWD_detail.csv
OWD_tenmei_01,2500,63,937.0,SalesSummary_202304_OWD_detail.csv
OWD_tshourei_01,2600,20,1020.0,SalesSummary_202304_OWD_detail.csv
OWD_william_02,1000,25,375.0,SalesSummary_202304_OWD_detail.csv
OWD_yuki_01,1100,13,427.0,SalesSummary_202304_OWD_detail.csv
OWD_Milla_01,2500,62,938.0,SalesSummary_202305_OWD_detail.csv
OWD_aiduki_01,5800,146,2174.0,SalesSummary_202305_OWD_detail.csv
OWD_aiga_01,1000,26,374.0,SalesSummary_202305_OWD_detail.csv
OWD_aokitomo_01,1300,33,487.0,SalesSummary_202305_OWD_detail.csv
OWD_aron_01,1000,25,375.0,SalesSummary_202305_OWD_detail.csv
OWD_chazz_01,3000,38,1162.0,SalesSummary_202305_OWD_detail.csv
OWD_daiyang_01,3300,83,1237.0,SalesSummary_202305_OWD_detail.csv
OWD_hakuryu_01,8700,218,3262.0,SalesSummary_202305_OWD_detail.csv
OWD_hoshikaze_01,1300,33,487.0,SalesSummary_202305_OWD_detail.csv
OWD_ikai_01,3300,83,1237.0,SalesSummary_202305_OWD_detail.csv
OWD_isha_01,3540,186,1230.0,SalesSummary_202305_OWD_detail.csv
OWD_kanon_01,2000,50,750.0,SalesSummary_202305_OWD_detail.csv
OWD_keiko_01,33500,781,12619.0,SalesSummary_202305_OWD_detail.csv
OWD_keiko_03,2700,33,1047.0,SalesSummary_202305_OWD_detail.csv
OWD_keiko_04,3200,65,1215.0,SalesSummary_202305_OWD_detail.csv
OWD_klara_01,5700,105,2175.0,SalesSummary_202305_OWD_detail.csv
OWD_koike_01,44000,1033,16567.0,SalesSummary_202305_OWD_detail.csv
OWD_macalon_01,10600,296,3944.0,SalesSummary_202305_OWD_detail.csv
OWD_matsuyama_01,3500,88,1312.0,SalesSummary_202305_OWD_detail.csv
OWD_mian_01,3900,98,1462.0,SalesSummary_202305_OWD_detail.csv
OWD_miesha_01,1700,43,637.0,SalesSummary_202305_OWD_detail.csv
OWD_mikomaria_01,1100,110,330.0,SalesSummary_202305_OWD_detail.csv
OWD_mineka_01,2300,58,862.0,SalesSummary_202305_OWD_detail.csv
OWD_niutouko_01,13200,301,4979.0,SalesSummary_202305_OWD_detail.csv
OWD_okada_01,10700,270,4010.0,SalesSummary_202305_OWD_detail.csv
OWD_ophelia_01,3500,58,1342.0,SalesSummary_202305_OWD_detail.csv
OWD_reirin_01,1000,100,300.0,SalesSummary_202305_OWD_detail.csv
OWD_rumikoi_01,3000,50,1150.0,SalesSummary_202305_OWD_detail.csv
OWD_shape_01,47100,1659,17181.0,SalesSummary_202305_OWD_detail.csv
OWD_shintaku_01,1300,33,487.0,SalesSummary_202305_OWD_detail.csv
OWD_shokita_01,2700,68,1012.0,SalesSummary_202305_OWD_detail.csv
OWD_sugano_02,3000,76,1124.0,SalesSummary_202305_OWD_detail.csv
OWD_tachibana_01,2000,50,750.0,SalesSummary_202305_OWD_detail.csv
OWD_tenmei_01,9100,208,3432.0,SalesSummary_202305_OWD_detail.csv
OWD_tomoko_01,1600,0,640.0,SalesSummary_202305_OWD_detail.csv
OWD_tshourei_01,2600,65,975.0,SalesSummary_202305_OWD_detail.csv
OWD_william_01,1300,33,487.0,SalesSummary_202305_OWD_detail.csv
OWD_yamasakirie_01,2200,30,850.0,SalesSummary_202305_OWD_detail.csv
OWD_yuki_01,1200,0,480.0,SalesSummary_202305_OWD_detail.csv
OWD_Milla_01,900,18,342.0,SalesSummary_202306_OWD_detail.csv
OWD_aiga_01,1500,0,600.0,SalesSummary_202306_OWD_detail.csv
OWD_chazz_01,9900,220,3740.0,SalesSummary_202306_OWD_detail.csv
OWD_chiki_01,1650,42,618.0,SalesSummary_202306_OWD_detail.csv
OWD_daiyang_01,800,20,300.0,SalesSummary_202306_OWD_detail.csv
OWD_eremaria_01,1700,20,660.0,SalesSummary_202306_OWD_detail.csv
OWD_hayuki_01,3000,75,1125.0,SalesSummary_202306_OWD_detail.csv
OWD_houjo_01,5000,126,1874.0,SalesSummary_202306_OWD_detail.csv
OWD_isha_01,1300,130,390.0,SalesSummary_202306_OWD_detail.csv
OWD_kanon_01,5200,116,1964.0,SalesSummary_202306_OWD_detail.csv
OWD_keiko_01,28200,649,10631.0,SalesSummary_202306_OWD_detail.csv
OWD_keiko_03,14700,336,5544.0,SalesSummary_202306_OWD_detail.csv
OWD_keiko_04,4500,113,1687.0,SalesSummary_202306_OWD_detail.csv
OWD_kiko_01,5600,142,2098.0,SalesSummary_202306_OWD_detail.csv
OWD_klara_01,10200,448,3632.0,SalesSummary_202306_OWD_detail.csv
OWD_koike_01,50000,1028,18972.0,SalesSummary_202306_OWD_detail.csv
OWD_koyanagi_01,2100,53,787.0,SalesSummary_202306_OWD_detail.csv
OWD_macalon_01,7500,176,2824.0,SalesSummary_202306_OWD_detail.csv
OWD_matsuyama_01,1000,25,375.0,SalesSummary_202306_OWD_detail.csv
OWD_miesha_01,8400,203,3157.0,SalesSummary_202306_OWD_detail.csv
OWD_mikomaria_01,4800,120,1800.0,SalesSummary_202306_OWD_detail.csv
OWD_mineka_01,2500,65,935.0,SalesSummary_202306_OWD_detail.csv
OWD_niutouko_01,2700,48,1032.0,SalesSummary_202306_OWD_detail.csv
OWD_noda_01,1000,13,387.0,SalesSummary_202306_OWD_detail.csv
OWD_reirin_01,5500,138,2062.0,SalesSummary_202306_OWD_detail.csv
OWD_risui_01,500,13,187.0,SalesSummary_202306_OWD_detail.csv
OWD_shape_01,49000,1448,18152.0,SalesSummary_202306_OWD_detail.csv
OWD_shintaku_01,1200,0,480.0,SalesSummary_202306_OWD_detail.csv
OWD_shokita_01,1200,0,480.0,SalesSummary_202306_OWD_detail.csv
OWD_soldona_01,2000,30,770.0,SalesSummary_202306_OWD_detail.csv
OWD_tachibana_01,1200,30,450.0,SalesSummary_202306_OWD_detail.csv
OWD_tenmei_01,1800,120,600.0,SalesSummary_202306_OWD_detail.csv
OWD_tomoko_01,2600,66,974.0,SalesSummary_202306_OWD_detail.csv
OWD_tshourei_01,2500,63,937.0,SalesSummary_202306_OWD_detail.csv
OWD_william_02,1300,33,487.0,SalesSummary_202306_OWD_detail.csv
OWD_Milla_01,1300,9,511.0,SalesSummary_202307_OWD_detail.csv
OWD_aokitomo_01,1300,33,487.0,SalesSummary_202307_OWD_detail.csv
OWD_aron_01,2300,58,862.0,SalesSummary_202307_OWD_detail.csv
OWD_asuka_02,5600,116,2124.0,SalesSummary_202307_OWD_detail.csv
OWD_asuru_01,1300,33,487.0,SalesSummary_202307_OWD_detail.csv
OWD_chiharu_02,1000,25,375.0,SalesSummary_202307_OWD_detail.csv
OWD_daiyang_01,800,0,320.0,SalesSummary_202307_OWD_detail.csv
OWD_enseisyu_01,2200,0,880.0,SalesSummary_202307_OWD_detail.csv
OWD_gyokusenhi_01,6000,420,1980.0,SalesSummary_202307_OWD_detail.csv
OWD_hakuryu_01,15300,578,5542.0,SalesSummary_202307_OWD_detail.csv
OWD_hoshikaze_01,1000,0,400.0,SalesSummary_202307_OWD_detail.csv
OWD_isha_01,4160,88,1576.0,SalesSummary_202307_OWD_detail.csv
OWD_kanon_01,3000,25,1175.0,SalesSummary_202307_OWD_detail.csv
OWD_keiko_01,19000,723,6877.0,SalesSummary_202307_OWD_detail.csv
OWD_keiko_02,1300,33,487.0,SalesSummary_202307_OWD_detail.csv
OWD_kiko_01,1200,120,360.0,SalesSummary_202307_OWD_detail.csv
OWD_klara_01,2300,70,850.0,SalesSummary_202307_OWD_detail.csv
OWD_koike_01,48400,1142,18218.0,SalesSummary_202307_OWD_detail.csv
OWD_koyanagi_01,3400,60,1300.0,SalesSummary_202307_OWD_detail.csv
OWD_macalon_01,17000,372,6428.0,SalesSummary_202307_OWD_detail.csv
OWD_mermaid_01,3100,78,1162.0,SalesSummary_202307_OWD_detail.csv
OWD_mian_01,3800,95,1425.0,SalesSummary_202307_OWD_detail.csv
OWD_miesha_01,5200,100,1980.0,SalesSummary_202307_OWD_detail.csv
OWD_miku_02,3000,38,1162.0,SalesSummary_202307_OWD_detail.csv
OWD_mimoe_01,2100,53,787.0,SalesSummary_202307_OWD_detail.csv
OWD_narusawa_01,1200,30,450.0,SalesSummary_202307_OWD_detail.csv
OWD_niutouko_01,2100,53,787.0,SalesSummary_202307_OWD_detail.csv
OWD_okada_01,2900,25,1135.0,SalesSummary_202307_OWD_detail.csv
OWD_ophelia_01,11300,214,4306.0,SalesSummary_202307_OWD_detail.csv
OWD_reirin_01,4300,108,1612.0,SalesSummary_202307_OWD_detail.csv
OWD_rumikoi_01,2400,60,900.0,SalesSummary_202307_OWD_detail.csv
OWD_shape_01,49900,1120,18840.0,SalesSummary_202307_OWD_detail.csv
OWD_shintaku_01,3700,26,1454.0,SalesSummary_202307_OWD_detail.csv
OWD_shokita_01,1200,30,450.0,SalesSummary_202307_OWD_detail.csv
OWD_soldona_01,1300,33,487.0,SalesSummary_202307_OWD_detail.csv
OWD_suehiro_01,2300,33,887.0,SalesSummary_202307_OWD_detail.csv
OWD_sugano_01,1300,33,487.0,SalesSummary_202307_OWD_detail.csv
OWD_tshourei_01,4200,360,1320.0,SalesSummary_202307_OWD_detail.csv
OWD_tsukikage_01,1600,20,620.0,SalesSummary_202307_OWD_detail.csv
OWD_william_02,1000,25,375.0,SalesSummary_202307_OWD_detail.csv
OWD_Milla_01,300,3,117.0,SalesSummary_202308_OWD_detail.csv
OWD_Sasha_01,1200,30,450.0,SalesSummary_202308_OWD_detail.csv
OWD_aiduki_01,1000,0,400.0,SalesSummary_202308_OWD_detail.csv
OWD_aiga_01,1000,25,375.0,SalesSummary_202308_OWD_detail.csv
OWD_aokitomo_01,7800,195,2925.0,SalesSummary_202308_OWD_detail.csv
OWD_aqua_01,1500,38,562.0,SalesSummary_202308_OWD_detail.csv
OWD_asuru_01,2200,55,825.0,SalesSummary_202308_OWD_detail.csv
OWD_enseisyu_01,9300,233,3487.0,SalesSummary_202308_OWD_detail.csv
OWD_eremaria_01,1200,30,450.0,SalesSummary_202308_OWD_detail.csv
OWD_gyokusenhi_01,2200,120,760.0,SalesSummary_202308_OWD_detail.csv
OWD_houjo_01,2700,69,1011.0,SalesSummary_202308_OWD_detail.csv
OWD_isha_01,7840,197,2939.0,SalesSummary_202308_OWD_detail.csv
OWD_kanon_01,1200,30,450.0,SalesSummary_202308_OWD_detail.csv
OWD_kasya_01,7300,476,2444.0,SalesSummary_202308_OWD_detail.csv
OWD_keiko_01,50800,1413,18907.0,SalesSummary_202308_OWD_detail.csv
OWD_keiko_02,1500,38,562.0,SalesSummary_202308_OWD_detail.csv
OWD_keiko_03,100,3,37.0,SalesSummary_202308_OWD_detail.csv
OWD_keiko_04,6000,125,2275.0,SalesSummary_202308_OWD_detail.csv
OWD_keit_01,3000,75,1125.0,SalesSummary_202308_OWD_detail.csv
OWD_kiko_01,7900,199,2961.0,SalesSummary_202308_OWD_detail.csv
OWD_koike_01,19500,487,7313.0,SalesSummary_202308_OWD_detail.csv
OWD_macalon_01,8000,160,3040.0,SalesSummary_202308_OWD_detail.csv
OWD_mermaid_01,1100,28,412.0,SalesSummary_202308_OWD_detail.csv
OWD_mian_01,1200,30,450.0,SalesSummary_202308_OWD_detail.csv
OWD_mikomaria_01,7900,198,2962.0,SalesSummary_202308_OWD_detail.csv
OWD_miku_02,8900,225,3335.0,SalesSummary_202308_OWD_detail.csv
OWD_narusawa_01,1300,0,520.0,SalesSummary_202308_OWD_detail.csv
OWD_ophelia_01,1200,30,450.0,SalesSummary_202308_OWD_detail.csv
OWD_reirin_01,1000,25,375.0,SalesSummary_202308_OWD_detail.csv
OWD_risui_01,1000,13,387.0,SalesSummary_202308_OWD_detail.csv
OWD_shape_01,75300,1949,28171.0,SalesSummary_202308_OWD_detail.csv
OWD_shintaku_01,2500,0,1000.0,SalesSummary_202308_OWD_detail.csv
OWD_soldona_01,3700,93,1387.0,SalesSummary_202308_OWD_detail.csv
OWD_suehiro_01,3800,30,1490.0,SalesSummary_202308_OWD_detail.csv
OWD_sugano_01,1300,33,487.0,SalesSummary_202308_OWD_detail.csv
OWD_tenmei_01,1000,25,375.0,SalesSummary_202308_OWD_detail.csv
OWD_tshourei_01,1600,40,600.0,SalesSummary_202308_OWD_detail.csv
OWD_tsukikage_01,5400,108,2052.0,SalesSummary_202308_OWD_detail.csv
OWD_william_01,3300,83,1237.0,SalesSummary_202308_OWD_detail.csv
OWD_yuki_01,500,13,187.0,SalesSummary_202308_OWD_detail.csv
OWD_Milla_01,4400,78,1682.0,SalesSummary_202309_OWD_detail.csv
OWD_aiga_01,800,20,300.0,SalesSummary_202309_OWD_detail.csv
OWD_aokitomo_01,7200,181,2699.0,SalesSummary_202309_OWD_detail.csv
OWD_aron_01,7300,158,2762.0,SalesSummary_202309_OWD_detail.csv
OWD_asuru_01,8500,182,3218.0,SalesSummary_202309_OWD_detail.csv
OWD_chazz_01,2100,53,787.0,SalesSummary_202309_OWD_detail.csv
OWD_daiyang_01,1200,30,450.0,SalesSummary_202309_OWD_detail.csv
OWD_enseisyu_01,1200,30,450.0,SalesSummary_202309_OWD_detail.csv
OWD_eremaria_01,3500,88,1312.0,SalesSummary_202309_OWD_detail.csv
OWD_hoshikaze_01,1000,0,400.0,SalesSummary_202309_OWD_detail.csv
OWD_houjo_01,3200,81,1199.0,SalesSummary_202309_OWD_detail.csv
OWD_ikai_01,1000,25,375.0,SalesSummary_202309_OWD_detail.csv
OWD_isha_01,2400,150,810.0,SalesSummary_202309_OWD_detail.csv
OWD_kanon_01,1800,46,674.0,SalesSummary_202309_OWD_detail.csv
OWD_kasya_01,11300,553,3967.0,SalesSummary_202309_OWD_detail.csv
OWD_keiko_01,31200,952,11528.0,SalesSummary_202309_OWD_detail.csv
OWD_keiko_03,2600,0,1040.0,SalesSummary_202309_OWD_detail.csv
OWD_keiko_04,7200,468,2412.0,SalesSummary_202309_OWD_detail.csv
OWD_keit_01,1000,25,375.0,SalesSummary_202309_OWD_detail.csv
OWD_kiko_01,5600,142,2098.0,SalesSummary_202309_OWD_detail.csv
OWD_koike_01,50600,1218,19022.0,SalesSummary_202309_OWD_detail.csv
OWD_koyanagi_01,2300,25,895.0,SalesSummary_202309_OWD_detail.csv
OWD_macalon_01,15800,376,5944.0,SalesSummary_202309_OWD_detail.csv
OWD_mermaid_01,1800,180,540.0,SalesSummary_202309_OWD_detail.csv
OWD_midorikawa_01,3500,88,1312.0,SalesSummary_202309_OWD_detail.csv
OWD_mikomaria_01,6200,155,2325.0,SalesSummary_202309_OWD_detail.csv
OWD_noda_01,12600,205,4835.0,SalesSummary_202309_OWD_detail.csv
OWD_okada_01,1000,25,375.0,SalesSummary_202309_OWD_detail.csv
OWD_ophelia_01,3600,360,1080.0,SalesSummary_202309_OWD_detail.csv
OWD_reirin_01,3000,75,1125.0,SalesSummary_202309_OWD_detail.csv
OWD_shape_01,67900,2284,24876.0,SalesSummary_202309_OWD_detail.csv
OWD_shintaku_01,7900,341,2819.0,SalesSummary_202309_OWD_detail.csv
OWD_soldona_01,1300,33,487.0,SalesSummary_202309_OWD_detail.csv
OWD_tachibana_01,1200,30,450.0,SalesSummary_202309_OWD_detail.csv
OWD_tsukikage_01,1300,33,487.0,SalesSummary_202309_OWD_detail.csv
OWD_william_01,1300,33,487.0,SalesSummary_202309_OWD_detail.csv
OWD_yuki_01,900,23,337.0,SalesSummary_202309_OWD_detail.csv
OWD_Milla_01,100,3,37.0,SalesSummary_202310_OWD_detail.csv
OWD_aiduki_01,1300,33,487.0,SalesSummary_202310_OWD_detail.csv
OWD_aokitomo_01,1300,33,487.0,SalesSummary_202310_OWD_detail.csv
OWD_aron_01,6700,148,2532.0,SalesSummary_202310_OWD_detail.csv
OWD_chazz_01,3700,68,1412.0,SalesSummary_202310_OWD_detail.csv
OWD_chiki_01,3300,84,1236.0,SalesSummary_202310_OWD_detail.csv
OWD_enseisyu_01,6000,200,2200.0,SalesSummary_202310_OWD_detail.csv
OWD_eremaria_01,5200,55,2025.0,SalesSummary_202310_OWD_detail.csv
OWD_fujita_01,1200,30,450.0,SalesSummary_202310_OWD_detail.csv
OWD_hakuryu_01,3600,150,1290.0,SalesSummary_202310_OWD_detail.csv
OWD_hayuki_01,3700,273,1207.0,SalesSummary_202310_OWD_detail.csv
OWD_hoshikaze_01,800,20,300.0,SalesSummary_202310_OWD_detail.csv
OWD_isha_01,10840,209,4127.0,SalesSummary_202310_OWD_detail.csv
OWD_kanon_01,1000,25,375.0,SalesSummary_202310_OWD_detail.csv
OWD_keiko_01,26100,1085,9355.0,SalesSummary_202310_OWD_detail.csv
OWD_keiko_04,3600,53,1387.0,SalesSummary_202310_OWD_detail.csv
OWD_kiko_01,2000,50,750.0,SalesSummary_202310_OWD_detail.csv
OWD_klara_01,6100,154,2286.0,SalesSummary_202310_OWD_detail.csv
OWD_koike_01,24900,579,9381.0,SalesSummary_202310_OWD_detail.csv
OWD_macalon_01,5900,140,2220.0,SalesSummary_202310_OWD_detail.csv
OWD_matsuyama_01,1000,0,400.0,SalesSummary_202310_OWD_detail.csv
OWD_mermaid_01,6800,418,2302.0,SalesSummary_202310_OWD_detail.csv
OWD_miesha_01,1000,25,375.0,SalesSummary_202310_OWD_detail.csv
OWD_mikomaria_01,5200,132,1948.0,SalesSummary_202310_OWD_detail.csv
OWD_mineka_01,2500,63,937.0,SalesSummary_202310_OWD_detail.csv
OWD_mokuren_01,2300,58,862.0,SalesSummary_202310_OWD_detail.csv
OWD_narusawa_01,7200,116,2764.0,SalesSummary_202310_OWD_detail.csv
OWD_niutouko_01,2300,58,862.0,SalesSummary_202310_OWD_detail.csv
OWD_ophelia_01,7000,148,2652.0,SalesSummary_202310_OWD_detail.csv
OWD_shape_01,60800,1302,23018.0,SalesSummary_202310_OWD_detail.csv
OWD_shintaku_01,3300,48,1272.0,SalesSummary_202310_OWD_detail.csv
OWD_tshourei_01,2900,73,1087.0,SalesSummary_202310_OWD_detail.csv
OWD_yamasakirie_01,1300,0,520.0,SalesSummary_202310_OWD_detail.csv
OWD_ychigumi_01,5400,105,2055.0,SalesSummary_202310_OWD_detail.csv
OWD_Milla_01,100,0,40.0,SalesSummary_202311_OWD_detail.csv
OWD_Sasha_01,15310,385,5739.0,SalesSummary_202311_OWD_detail.csv
OWD_aiduki_01,3700,91,1389.0,SalesSummary_202311_OWD_detail.csv
OWD_chazz_01,1200,30,450.0,SalesSummary_202311_OWD_detail.csv
OWD_chiki_01,4620,116,1732.0,SalesSummary_202311_OWD_detail.csv
OWD_enseisyu_01,8800,595,2925.0,SalesSummary_202311_OWD_detail.csv
OWD_fujita_01,1000,25,375.0,SalesSummary_202311_OWD_detail.csv
OWD_gyokusenhi_01,10100,193,3847.0,SalesSummary_202311_OWD_detail.csv
OWD_hakuryu_01,1600,40,600.0,SalesSummary_202311_OWD_detail.csv
OWD_hayuki_01,5600,480,1760.0,SalesSummary_202311_OWD_detail.csv
OWD_hoshikaze_01,1400,35,525.0,SalesSummary_202311_OWD_detail.csv
OWD_ikai_01,5400,45,2115.0,SalesSummary_202311_OWD_detail.csv
OWD_isha_01,5440,496,1680.0,SalesSummary_202311_OWD_detail.csv
OWD_kairi_01,2400,60,900.0,SalesSummary_202311_OWD_detail.csv
OWD_keiko_01,42000,1061,15739.0,SalesSummary_202311_OWD_detail.csv
OWD_keiko_03,9600,140,3700.0,SalesSummary_202311_OWD_detail.csv
OWD_keiko_04,8700,187,3293.0,SalesSummary_202311_OWD_detail.csv
OWD_kiko_01,2600,66,974.0,SalesSummary_202311_OWD_detail.csv
OWD_klara_01,1100,28,412.0,SalesSummary_202311_OWD_detail.csv
OWD_koike_01,12000,291,4509.0,SalesSummary_202311_OWD_detail.csv
OWD_macalon_01,6200,165,2315.0,SalesSummary_202311_OWD_detail.csv
OWD_matsuyama_01,2600,66,974.0,SalesSummary_202311_OWD_detail.csv
OWD_mian_01,3600,270,1170.0,SalesSummary_202311_OWD_detail.csv
OWD_midorikawa_01,3200,80,1200.0,SalesSummary_202311_OWD_detail.csv
OWD_miesha_01,7000,175,2625.0,SalesSummary_202311_OWD_detail.csv
OWD_mineka_01,5500,108,2092.0,SalesSummary_202311_OWD_detail.csv
OWD_narusawa_01,7800,165,2955.0,SalesSummary_202311_OWD_detail.csv
OWD_noda_01,1000,25,375.0,SalesSummary_202311_OWD_detail.csv
OWD_ophelia_01,4400,110,1650.0,SalesSummary_202311_OWD_detail.csv
OWD_reirin_01,3900,99,1461.0,SalesSummary_202311_OWD_detail.csv
OWD_shape_01,50200,1221,18859.0,SalesSummary_202311_OWD_detail.csv
OWD_shintaku_01,2000,50,750.0,SalesSummary_202311_OWD_detail.csv
OWD_soldona_01,4600,115,1725.0,SalesSummary_202311_OWD_detail.csv
OWD_suehiro_01,2100,53,787.0,SalesSummary_202311_OWD_detail.csv
OWD_tachibana_01,1000,25,375.0,SalesSummary_202311_OWD_detail.csv
OWD_tsukikage_01,3000,75,1125.0,SalesSummary_202311_OWD_detail.csv
OWD_yuki_01,4900,125,1835.0,SalesSummary_202311_OWD_detail.csv
OWD_aiduki_01,1400,36,524.0,SalesSummary_202312_OWD_detail.csv
OWD_aokitomo_01,7400,171,2789.0,SalesSummary_202312_OWD_detail.csv
OWD_aron_01,1400,0,560.0,SalesSummary_202312_OWD_detail.csv
OWD_asuru_01,3500,55,1345.0,SalesSummary_202312_OWD_detail.csv
OWD_chazz_01,7600,191,2849.0,SalesSummary_202312_OWD_detail.csv
OWD_chiki_01,1650,42,618.0,SalesSummary_202312_OWD_detail.csv
OWD_enseisyu_01,10800,450,3870.0,SalesSummary_202312_OWD_detail.csv
OWD_eremaria_01,10100,228,3812.0,SalesSummary_202312_OWD_detail.csv
OWD_fujita_01,2000,50,750.0,SalesSummary_202312_OWD_detail.csv
OWD_gyokusenhi_01,1200,30,450.0,SalesSummary_202312_OWD_detail.csv
OWD_hakuryu_01,1300,130,390.0,SalesSummary_202312_OWD_detail.csv
OWD_isha_01,10400,322,3838.0,SalesSummary_202312_OWD_detail.csv
OWD_kanon_01,16000,402,5998.0,SalesSummary_202312_OWD_detail.csv
OWD_kasya_01,1000,25,375.0,SalesSummary_202312_OWD_detail.csv
OWD_keiko_01,45400,1028,17132.0,SalesSummary_202312_OWD_detail.csv
OWD_keiko_03,5200,293,1787.0,SalesSummary_202312_OWD_detail.csv
OWD_keiko_04,1000,26,374.0,SalesSummary_202312_OWD_detail.csv
OWD_keit_01,1300,33,487.0,SalesSummary_202312_OWD_detail.csv
OWD_kiko_01,3900,98,1462.0,SalesSummary_202312_OWD_detail.csv
OWD_klara_01,6100,292,2148.0,SalesSummary_202312_OWD_detail.csv
OWD_koike_01,22300,462,8458.0,SalesSummary_202312_OWD_detail.csv
OWD_macalon_01,13200,678,4602.0,SalesSummary_202312_OWD_detail.csv
OWD_mian_01,9900,608,3352.0,SalesSummary_202312_OWD_detail.csv
OWD_miesha_01,1200,0,480.0,SalesSummary_202312_OWD_detail.csv
OWD_narusawa_01,2600,66,974.0,SalesSummary_202312_OWD_detail.csv
OWD_niutouko_01,17100,338,6502.0,SalesSummary_202312_OWD_detail.csv
OWD_noda_01,1900,33,727.0,SalesSummary_202312_OWD_detail.csv
OWD_ophelia_01,3400,85,1275.0,SalesSummary_202312_OWD_detail.csv
OWD_risui_01,1600,40,600.0,SalesSummary_202312_OWD_detail.csv
OWD_shape_01,50200,1214,18866.0,SalesSummary_202312_OWD_detail.csv
OWD_suehiro_01,1300,130,390.0,SalesSummary_202312_OWD_detail.csv
OWD_tenmei_01,8500,493,2907.0,SalesSummary_202312_OWD_detail.csv
OWD_tomoko_01,2200,55,825.0,SalesSummary_202312_OWD_detail.csv
OWD_tsukikage_01,3000,75,1125.0,SalesSummary_202312_OWD_detail.csv
OWD_ychigumi_01,1000,25,375.0,SalesSummary_202312_OWD_detail.csv
OWD_yuki_01,800,20,300.0,SalesSummary_202312_OWD_detail.csv
