プラットフォーム,ファイル名,コンテンツ,実績,情報提供料合計,年月,処理日時
au,SalesSummary_202501_OWD_detail.csv,OWD_chiharu_02,9200,3450.0,202501,2025-07-16 17:41:37
au,SalesSummary_202501_OWD_detail.csv,OWD_okada_01,1000,375.0,202501,2025-07-16 17:41:37
au,SalesSummary_202501_OWD_detail.csv,OWD_shape_01,27400,10265.0,202501,2025-07-16 17:41:37
au,SalesSummary_202501_OWD_detail.csv,OWD_macalon_01,6700,2491.0,202501,2025-07-16 17:41:37
au,SalesSummary_202501_OWD_detail.csv,OWD_fujita_01,2000,750.0,202501,2025-07-16 17:41:37
au,SalesSummary_202501_OWD_detail.csv,OWD_koike_01,12900,4376.0,202501,2025-07-16 17:41:37
au,SalesSummary_202501_OWD_detail.csv,OWD_matsuyama_01,1300,487.0,202501,2025-07-16 17:41:37
au,SalesSummary_202501_OWD_detail.csv,OWD_chazz_01,4500,1686.0,202501,2025-07-16 17:41:37
au,SalesSummary_202501_OWD_detail.csv,OWD_tomoko_01,2000,750.0,202501,2025-07-16 17:41:37
au,SalesSummary_202501_OWD_detail.csv,OWD_enseisyu_01,8000,3075.0,202501,2025-07-16 17:41:37
au,SalesSummary_202501_OWD_detail.csv,OWD_keiko_01,28400,10555.0,202501,2025-07-16 17:41:37
au,SalesSummary_202501_OWD_detail.csv,OWD_klara_01,600,225.0,202501,2025-07-16 17:41:37
au,SalesSummary_202501_OWD_detail.csv,OWD_kairi_01,800,300.0,202501,2025-07-16 17:41:37
au,SalesSummary_202501_OWD_detail.csv,OWD_kanon_01,2400,900.0,202501,2025-07-16 17:41:37
au,SalesSummary_202501_OWD_detail.csv,OWD_houjo_01,2000,775.0,202501,2025-07-16 17:41:37
au,SalesSummary_202501_OWD_detail.csv,OWD_ophelia_01,22300,7534.0,202501,2025-07-16 17:41:37
au,SalesSummary_202501_OWD_detail.csv,OWD_soldona_01,2000,750.0,202501,2025-07-16 17:41:37
au,SalesSummary_202501_OWD_detail.csv,OWD_shintaku_01,4100,1640.0,202501,2025-07-16 17:41:37
au,SalesSummary_202501_OWD_detail.csv,OWD_Milla_01,5200,1949.0,202501,2025-07-16 17:41:37
au,SalesSummary_202501_OWD_detail.csv,OWD_noda_01,3200,1215.0,202501,2025-07-16 17:41:37
au,SalesSummary_202501_OWD_detail.csv,OWD_keiko_04,6400,2245.0,202501,2025-07-16 17:41:37
au,SalesSummary_202501_OWD_detail.csv,OWD_keiko_03,3600,1365.0,202501,2025-07-16 17:41:37
au,SalesSummary_202501_OWD_detail.csv,OWD_aokitomo_01,5400,2040.0,202501,2025-07-16 17:41:37
au,SalesSummary_202501_OWD_detail.csv,OWD_aron_01,3000,1150.0,202501,2025-07-16 17:41:37
au,SalesSummary_202501_OWD_detail.csv,OWD_miku_02,1200,450.0,202501,2025-07-16 17:41:37
au,SalesSummary_202501_OWD_detail.csv,OWD_hoshikaze_01,3000,1125.0,202501,2025-07-16 17:41:37
au,SalesSummary_202501_OWD_detail.csv,OWD_tshourei_01,10000,3660.0,202501,2025-07-16 17:41:37
au,SalesSummary_202501_OWD_detail.csv,OWD_ikai_01,2000,750.0,202501,2025-07-16 17:41:37
au,SalesSummary_202501_OWD_detail.csv,OWD_tachibana_01,1500,562.0,202501,2025-07-16 17:41:37
au,SalesSummary_202501_OWD_detail.csv,OWD_reirin_01,1300,487.0,202501,2025-07-16 17:41:37
au,SalesSummary_202501_OWD_detail.csv,OWD_aiga_01,1000,375.0,202501,2025-07-16 17:41:37
au,SalesSummary_202501_OWD_detail.csv,OWD_asuka_02,5700,2192.0,202501,2025-07-16 17:41:37
au,SalesSummary_202501_OWD_detail.csv,OWD_tsukikage_01,1000,375.0,202501,2025-07-16 17:41:37
au,SalesSummary_202501_OWD_detail.csv,OWD_tenmei_01,3800,1424.0,202501,2025-07-16 17:41:37
au,SalesSummary_202501_OWD_detail.csv,OWD_miesha_01,1000,374.0,202501,2025-07-16 17:41:37
au合計,SalesSummary_202501_OWD_detail.csv,合計,195900,72122,202501,2025-07-16 17:41:37
au,SalesSummary_202502_OWD_detail.csv,OWD_shape_01,21100,7206.0,202502,2025-07-16 17:41:37
au,SalesSummary_202502_OWD_detail.csv,OWD_hoshikaze_01,3000,1125.0,202502,2025-07-16 17:41:37
au,SalesSummary_202502_OWD_detail.csv,OWD_macalon_01,21100,8034.0,202502,2025-07-16 17:41:37
au,SalesSummary_202502_OWD_detail.csv,OWD_Milla_01,1300,486.0,202502,2025-07-16 17:41:37
au,SalesSummary_202502_OWD_detail.csv,OWD_eremaria_01,4400,1671.0,202502,2025-07-16 17:41:37
au,SalesSummary_202502_OWD_detail.csv,OWD_keiko_03,3600,1374.0,202502,2025-07-16 17:41:37
au,SalesSummary_202502_OWD_detail.csv,OWD_noda_01,1600,625.0,202502,2025-07-16 17:41:37
au,SalesSummary_202502_OWD_detail.csv,OWD_shintaku_01,9500,3559.0,202502,2025-07-16 17:41:37
au,SalesSummary_202502_OWD_detail.csv,OWD_keiko_01,14100,5321.0,202502,2025-07-16 17:41:37
au,SalesSummary_202502_OWD_detail.csv,OWD_chiki_01,2750,1030.0,202502,2025-07-16 17:41:37
au,SalesSummary_202502_OWD_detail.csv,OWD_tsukikage_01,3800,1454.0,202502,2025-07-16 17:41:37
au,SalesSummary_202502_OWD_detail.csv,OWD_koike_01,800,320.0,202502,2025-07-16 17:41:37
au,SalesSummary_202502_OWD_detail.csv,OWD_keiko_04,4000,1525.0,202502,2025-07-16 17:41:37
au,SalesSummary_202502_OWD_detail.csv,OWD_mikomaria_01,1300,487.0,202502,2025-07-16 17:41:37
au,SalesSummary_202502_OWD_detail.csv,OWD_mian_01,1200,480.0,202502,2025-07-16 17:41:37
au,SalesSummary_202502_OWD_detail.csv,OWD_tshourei_01,2000,700.0,202502,2025-07-16 17:41:37
au,SalesSummary_202502_OWD_detail.csv,OWD_aokitomo_01,1300,520.0,202502,2025-07-16 17:41:37
au,SalesSummary_202502_OWD_detail.csv,OWD_daiyang_01,800,300.0,202502,2025-07-16 17:41:37
au,SalesSummary_202502_OWD_detail.csv,OWD_asuru_01,1600,600.0,202502,2025-07-16 17:41:37
au,SalesSummary_202502_OWD_detail.csv,OWD_aron_01,3500,1312.0,202502,2025-07-16 17:41:37
au,SalesSummary_202502_OWD_detail.csv,OWD_asuka_02,1000,375.0,202502,2025-07-16 17:41:37
au,SalesSummary_202502_OWD_detail.csv,OWD_matsuyama_01,1200,450.0,202502,2025-07-16 17:41:37
au,SalesSummary_202502_OWD_detail.csv,OWD_keit_01,3200,1200.0,202502,2025-07-16 17:41:37
au,SalesSummary_202502_OWD_detail.csv,OWD_kanon_01,5400,2025.0,202502,2025-07-16 17:41:37
au,SalesSummary_202502_OWD_detail.csv,OWD_isha_01,1840,690.0,202502,2025-07-16 17:41:37
au,SalesSummary_202502_OWD_detail.csv,OWD_tenmei_01,1600,600.0,202502,2025-07-16 17:41:37
au,SalesSummary_202502_OWD_detail.csv,OWD_miesha_01,5000,1925.0,202502,2025-07-16 17:41:37
au合計,SalesSummary_202502_OWD_detail.csv,合計,121990,45394,202502,2025-07-16 17:41:37
au,SalesSummary_202503_OWD_detail.csv,OWD_shape_01,23700,8486.0,202503,2025-07-16 17:41:37
au,SalesSummary_202503_OWD_detail.csv,OWD_miesha_01,4200,1655.0,202503,2025-07-16 17:41:37
au,SalesSummary_202503_OWD_detail.csv,OWD_keiko_01,9600,3635.0,202503,2025-07-16 17:41:37
au,SalesSummary_202503_OWD_detail.csv,OWD_tsukikage_01,1200,450.0,202503,2025-07-16 17:41:37
au,SalesSummary_202503_OWD_detail.csv,OWD_miku_02,4100,1536.0,202503,2025-07-16 17:41:37
au,SalesSummary_202503_OWD_detail.csv,OWD_macalon_01,11700,4619.0,202503,2025-07-16 17:41:37
au,SalesSummary_202503_OWD_detail.csv,OWD_suehiro_01,800,320.0,202503,2025-07-16 17:41:37
au,SalesSummary_202503_OWD_detail.csv,OWD_eremaria_01,3400,1274.0,202503,2025-07-16 17:41:37
au,SalesSummary_202503_OWD_detail.csv,OWD_asuru_01,1300,487.0,202503,2025-07-16 17:41:37
au,SalesSummary_202503_OWD_detail.csv,OWD_Milla_01,100,37.0,202503,2025-07-16 17:41:37
au,SalesSummary_202503_OWD_detail.csv,OWD_houjo_01,800,300.0,202503,2025-07-16 17:41:37
au,SalesSummary_202503_OWD_detail.csv,OWD_reirin_01,1300,487.0,202503,2025-07-16 17:41:37
au,SalesSummary_202503_OWD_detail.csv,OWD_ophelia_01,9500,3765.0,202503,2025-07-16 17:41:37
au,SalesSummary_202503_OWD_detail.csv,OWD_kanon_01,2000,775.0,202503,2025-07-16 17:41:37
au,SalesSummary_202503_OWD_detail.csv,OWD_okada_01,1900,712.0,202503,2025-07-16 17:41:37
au,SalesSummary_202503_OWD_detail.csv,OWD_narusawa_01,1300,487.0,202503,2025-07-16 17:41:37
au,SalesSummary_202503_OWD_detail.csv,OWD_shintaku_01,500,187.0,202503,2025-07-16 17:41:37
au,SalesSummary_202503_OWD_detail.csv,OWD_tomoko_01,1000,375.0,202503,2025-07-16 17:41:37
au,SalesSummary_202503_OWD_detail.csv,OWD_mian_01,1200,450.0,202503,2025-07-16 17:41:37
au,SalesSummary_202503_OWD_detail.csv,OWD_enseisyu_01,1000,400.0,202503,2025-07-16 17:41:37
au,SalesSummary_202503_OWD_detail.csv,OWD_chazz_01,1300,520.0,202503,2025-07-16 17:41:37
au,SalesSummary_202503_OWD_detail.csv,OWD_keiko_03,100,37.0,202503,2025-07-16 17:41:37
au合計,SalesSummary_202503_OWD_detail.csv,合計,82000,30994,202503,2025-07-16 17:41:37
au,SalesSummary_202504_OWD_detail.csv,OWD_shape_01,27600,10248.0,202504,2025-07-16 17:41:37
au,SalesSummary_202504_OWD_detail.csv,OWD_mokuren_01,1500,562.0,202504,2025-07-16 17:41:37
au,SalesSummary_202504_OWD_detail.csv,OWD_isha_01,2300,862.0,202504,2025-07-16 17:41:37
au,SalesSummary_202504_OWD_detail.csv,OWD_tsukikage_01,8100,3147.0,202504,2025-07-16 17:41:37
au,SalesSummary_202504_OWD_detail.csv,OWD_Milla_01,4800,1799.0,202504,2025-07-16 17:41:37
au,SalesSummary_202504_OWD_detail.csv,OWD_koyanagi_01,5000,1875.0,202504,2025-07-16 17:41:37
au,SalesSummary_202504_OWD_detail.csv,OWD_chiki_01,4950,1854.0,202504,2025-07-16 17:41:37
au,SalesSummary_202504_OWD_detail.csv,OWD_rumikoi_01,3200,1230.0,202504,2025-07-16 17:41:37
au,SalesSummary_202504_OWD_detail.csv,OWD_ophelia_01,1000,387.0,202504,2025-07-16 17:41:37
au,SalesSummary_202504_OWD_detail.csv,OWD_keiko_04,2200,845.0,202504,2025-07-16 17:41:37
au,SalesSummary_202504_OWD_detail.csv,OWD_chazz_01,3500,1312.0,202504,2025-07-16 17:41:37
au,SalesSummary_202504_OWD_detail.csv,OWD_macalon_01,8300,3223.0,202504,2025-07-16 17:41:37
au,SalesSummary_202504_OWD_detail.csv,OWD_yuki_01,3600,1380.0,202504,2025-07-16 17:41:37
au,SalesSummary_202504_OWD_detail.csv,OWD_miku_02,900,337.0,202504,2025-07-16 17:41:37
au,SalesSummary_202504_OWD_detail.csv,OWD_shintaku_01,1300,487.0,202504,2025-07-16 17:41:37
au,SalesSummary_202504_OWD_detail.csv,OWD_asuru_01,3400,1305.0,202504,2025-07-16 17:41:37
au,SalesSummary_202504_OWD_detail.csv,OWD_tachibana_01,600,225.0,202504,2025-07-16 17:41:37
au,SalesSummary_202504_OWD_detail.csv,OWD_keiko_03,3900,1494.0,202504,2025-07-16 17:41:37
au,SalesSummary_202504_OWD_detail.csv,OWD_matsuyama_01,1900,727.0,202504,2025-07-16 17:41:37
au,SalesSummary_202504_OWD_detail.csv,OWD_sugano_02,1700,637.0,202504,2025-07-16 17:41:37
au,SalesSummary_202504_OWD_detail.csv,OWD_hoshikaze_01,6000,2249.0,202504,2025-07-16 17:41:37
au,SalesSummary_202504_OWD_detail.csv,OWD_kanon_01,3500,1337.0,202504,2025-07-16 17:41:37
au,SalesSummary_202504_OWD_detail.csv,OWD_gyokusenhi_01,2300,862.0,202504,2025-07-16 17:41:37
au,SalesSummary_202504_OWD_detail.csv,OWD_fujita_01,1200,450.0,202504,2025-07-16 17:41:37
au,SalesSummary_202504_OWD_detail.csv,OWD_aron_01,1200,480.0,202504,2025-07-16 17:41:37
au,SalesSummary_202504_OWD_detail.csv,OWD_aokitomo_01,2400,900.0,202504,2025-07-16 17:41:37
au,SalesSummary_202504_OWD_detail.csv,OWD_tomoko_01,1200,480.0,202504,2025-07-16 17:41:37
au,SalesSummary_202504_OWD_detail.csv,OWD_reirin_01,2400,900.0,202504,2025-07-16 17:41:37
au,SalesSummary_202504_OWD_detail.csv,OWD_mimoe_01,3000,1125.0,202504,2025-07-16 17:41:37
au,SalesSummary_202504_OWD_detail.csv,OWD_niutouko_01,8300,3142.0,202504,2025-07-16 17:41:37
au合計,SalesSummary_202504_OWD_detail.csv,合計,121250,45861,202504,2025-07-16 17:41:37
au,SalesSummary_202505_OWD_detail.csv,OWD_koyanagi_01,5200,1980.0,202505,2025-07-16 17:41:37
au,SalesSummary_202505_OWD_detail.csv,OWD_mian_01,1000,400.0,202505,2025-07-16 17:41:37
au,SalesSummary_202505_OWD_detail.csv,OWD_ophelia_01,2800,1107.0,202505,2025-07-16 17:41:37
au,SalesSummary_202505_OWD_detail.csv,OWD_mokuren_01,1500,600.0,202505,2025-07-16 17:41:37
au,SalesSummary_202505_OWD_detail.csv,OWD_kanon_01,1800,675.0,202505,2025-07-16 17:41:37
au,SalesSummary_202505_OWD_detail.csv,OWD_asuru_01,8300,3112.0,202505,2025-07-16 17:41:37
au,SalesSummary_202505_OWD_detail.csv,OWD_shape_01,37100,13425.0,202505,2025-07-16 17:41:37
au,SalesSummary_202505_OWD_detail.csv,OWD_isha_01,2600,974.0,202505,2025-07-16 17:41:37
au,SalesSummary_202505_OWD_detail.csv,OWD_ychigumi_01,1200,450.0,202505,2025-07-16 17:41:37
au,SalesSummary_202505_OWD_detail.csv,OWD_keiko_01,9400,3523.0,202505,2025-07-16 17:41:37
au,SalesSummary_202505_OWD_detail.csv,OWD_keiko_04,3500,1322.0,202505,2025-07-16 17:41:37
au,SalesSummary_202505_OWD_detail.csv,OWD_keiko_03,4100,1569.0,202505,2025-07-16 17:41:37
au,SalesSummary_202505_OWD_detail.csv,OWD_macalon_01,7300,2777.0,202505,2025-07-16 17:41:37
au,SalesSummary_202505_OWD_detail.csv,OWD_Milla_01,2900,1087.0,202505,2025-07-16 17:41:37
au,SalesSummary_202505_OWD_detail.csv,OWD_tshourei_01,5700,2220.0,202505,2025-07-16 17:41:37
au,SalesSummary_202505_OWD_detail.csv,OWD_shintaku_01,4000,1525.0,202505,2025-07-16 17:41:37
au,SalesSummary_202505_OWD_detail.csv,OWD_houjo_01,1000,375.0,202505,2025-07-16 17:41:37
au,SalesSummary_202505_OWD_detail.csv,OWD_reirin_01,3600,1375.0,202505,2025-07-16 17:41:37
au,SalesSummary_202505_OWD_detail.csv,OWD_yamasakirie_01,1000,375.0,202505,2025-07-16 17:41:37
au,SalesSummary_202505_OWD_detail.csv,OWD_koike_01,1300,487.0,202505,2025-07-16 17:41:37
au,SalesSummary_202505_OWD_detail.csv,OWD_mermaid_01,5600,2099.0,202505,2025-07-16 17:41:37
au,SalesSummary_202505_OWD_detail.csv,OWD_kasya_01,1300,487.0,202505,2025-07-16 17:41:37
au,SalesSummary_202505_OWD_detail.csv,OWD_klara_01,2000,761.0,202505,2025-07-16 17:41:37
au,SalesSummary_202505_OWD_detail.csv,OWD_ikai_01,3000,1125.0,202505,2025-07-16 17:41:37
au,SalesSummary_202505_OWD_detail.csv,OWD_gyokusenhi_01,2300,887.0,202505,2025-07-16 17:41:37
au,SalesSummary_202505_OWD_detail.csv,OWD_tsukikage_01,1000,375.0,202505,2025-07-16 17:41:37
au,SalesSummary_202505_OWD_detail.csv,OWD_shokita_01,500,200.0,202505,2025-07-16 17:41:37
au,SalesSummary_202505_OWD_detail.csv,OWD_matsuyama_01,1300,487.0,202505,2025-07-16 17:41:37
au,SalesSummary_202505_OWD_detail.csv,OWD_narusawa_01,2500,937.0,202505,2025-07-16 17:41:37
au,SalesSummary_202505_OWD_detail.csv,OWD_sugano_02,1700,637.0,202505,2025-07-16 17:41:37
au,SalesSummary_202505_OWD_detail.csv,OWD_daiyang_01,1200,450.0,202505,2025-07-16 17:41:37
au,SalesSummary_202505_OWD_detail.csv,OWD_tachibana_01,600,225.0,202505,2025-07-16 17:41:37
au,SalesSummary_202505_OWD_detail.csv,OWD_fujita_01,4200,1575.0,202505,2025-07-16 17:41:37
au合計,SalesSummary_202505_OWD_detail.csv,合計,132500,49603,202505,2025-07-16 17:41:37
au,SalesSummary_202506_OWD_detail.csv,OWD_chazz_01,2600,974.0,202506,2025-07-16 17:41:37
au,SalesSummary_202506_OWD_detail.csv,OWD_shape_01,16100,5914.0,202506,2025-07-16 17:41:37
au,SalesSummary_202506_OWD_detail.csv,OWD_macalon_01,6100,2295.0,202506,2025-07-16 17:41:37
au,SalesSummary_202506_OWD_detail.csv,OWD_klara_01,700,262.0,202506,2025-07-16 17:41:37
au,SalesSummary_202506_OWD_detail.csv,OWD_fujita_01,2000,750.0,202506,2025-07-16 17:41:37
au,SalesSummary_202506_OWD_detail.csv,OWD_yuki_01,800,300.0,202506,2025-07-16 17:41:37
au,SalesSummary_202506_OWD_detail.csv,OWD_ophelia_01,2600,975.0,202506,2025-07-16 17:41:37
au,SalesSummary_202506_OWD_detail.csv,OWD_yamasakirie_01,1200,450.0,202506,2025-07-16 17:41:37
au,SalesSummary_202506_OWD_detail.csv,OWD_hakuryu_01,800,320.0,202506,2025-07-16 17:41:37
au,SalesSummary_202506_OWD_detail.csv,OWD_shintaku_01,1200,450.0,202506,2025-07-16 17:41:37
au,SalesSummary_202506_OWD_detail.csv,OWD_matsuyama_01,3900,1461.0,202506,2025-07-16 17:41:37
au,SalesSummary_202506_OWD_detail.csv,OWD_tomoko_01,2200,825.0,202506,2025-07-16 17:41:37
au,SalesSummary_202506_OWD_detail.csv,OWD_keiko_01,11700,4385.0,202506,2025-07-16 17:41:37
au,SalesSummary_202506_OWD_detail.csv,OWD_eremaria_01,2800,1050.0,202506,2025-07-16 17:41:37
au,SalesSummary_202506_OWD_detail.csv,OWD_koike_01,1600,599.0,202506,2025-07-16 17:41:37
au,SalesSummary_202506_OWD_detail.csv,OWD_keiko_03,6100,2287.0,202506,2025-07-16 17:41:37
au,SalesSummary_202506_OWD_detail.csv,OWD_mermaid_01,2200,824.0,202506,2025-07-16 17:41:37
au,SalesSummary_202506_OWD_detail.csv,OWD_mokuren_01,2300,862.0,202506,2025-07-16 17:41:37
au,SalesSummary_202506_OWD_detail.csv,OWD_keiko_04,1800,675.0,202506,2025-07-16 17:41:37
au,SalesSummary_202506_OWD_detail.csv,OWD_keiko_02,1000,400.0,202506,2025-07-16 17:41:37
au,SalesSummary_202506_OWD_detail.csv,OWD_suehiro_01,1800,700.0,202506,2025-07-16 17:41:37
au,SalesSummary_202506_OWD_detail.csv,OWD_tshourei_01,1500,587.0,202506,2025-07-16 17:41:37
au,SalesSummary_202506_OWD_detail.csv,OWD_gyokusenhi_01,1000,375.0,202506,2025-07-16 17:41:37
au,SalesSummary_202506_OWD_detail.csv,OWD_sugano_02,3000,1124.0,202506,2025-07-16 17:41:37
au,SalesSummary_202506_OWD_detail.csv,OWD_isha_01,1200,450.0,202506,2025-07-16 17:41:37
au,SalesSummary_202506_OWD_detail.csv,OWD_tachibana_01,1300,487.0,202506,2025-07-16 17:41:37
au,SalesSummary_202506_OWD_detail.csv,OWD_ikai_01,4400,1682.0,202506,2025-07-16 17:41:37
au,SalesSummary_202506_OWD_detail.csv,OWD_rumikoi_01,3200,1230.0,202506,2025-07-16 17:41:37
au,SalesSummary_202506_OWD_detail.csv,OWD_koyanagi_01,3400,1305.0,202506,2025-07-16 17:41:37
au,SalesSummary_202506_OWD_detail.csv,OWD_narusawa_01,1300,487.0,202506,2025-07-16 17:41:37
au,SalesSummary_202506_OWD_detail.csv,OWD_aron_01,4900,1867.0,202506,2025-07-16 17:41:37
au合計,SalesSummary_202506_OWD_detail.csv,合計,96700,36352,202506,2025-07-16 17:41:37
line,【(株)アウトワード】LINE占いお支払通知書_2025年01月分.xls,JP,51964.125477272726,19053.893745253496,202501,2025-07-16 17:41:37
line合計,【(株)アウトワード】LINE占いお支払通知書_2025年01月分.xls,合計,51964,19054,202501,2025-07-16 17:41:37
line,【(株)アウトワード】LINE占いお支払通知書_2025年02月分.xls,JP,185587.9264090909,68050.26732812698,202502,2025-07-16 17:41:37
line合計,【(株)アウトワード】LINE占いお支払通知書_2025年02月分.xls,合計,185588,68050,202502,2025-07-16 17:41:37
line,【(株)アウトワード】LINE占いお支払通知書_2025年03月分.xls,JP,45655.886454545456,16740.826509833998,202503,2025-07-16 17:41:37
line合計,【(株)アウトワード】LINE占いお支払通知書_2025年03月分.xls,合計,45656,16741,202503,2025-07-16 17:41:37
line,【(株)アウトワード】LINE占いお支払通知書_2025年04月分.xls,JP,39492.223977272726,14480.7717346425,202504,2025-07-16 17:41:37
line合計,【(株)アウトワード】LINE占いお支払通知書_2025年04月分.xls,合計,39492,14481,202504,2025-07-16 17:41:37
line,【(株)アウトワード】LINE占いお支払通知書_2025年05月分.xls,JP,22446.49711363636,8230.5468826455,202505,2025-07-16 17:41:37
line合計,【(株)アウトワード】LINE占いお支払通知書_2025年05月分.xls,合計,22446,8231,202505,2025-07-16 17:41:37
